ID,SMILES,pIC50,Compound origin
CHEMBL3979343,C=CC(=O)N1CCN(S(=O)(=O)c2cccc(Nc3ncc4c(n3)N(C)c3ccc(C)cc3C(=O)N4C)c2)CC1,5.22184875,ChEMBL
CHEMBL4089152,C=CCN1CC2=C(C1=O)C(c1ccc(C)cc1)c1c(n(CC)c(=O)[nH]c1=O)N2,6.200659451,ChEMBL
CHEMBL4084046,CC(=O)C(C(C)=O)C(c1ccc(Cl)cc1)c1ccc(Cl)cc1,4.56035157,ChEMBL
CHEMBL4069010,CC(=O)CC(c1ccccc1)c1c(O)c2ncccc2oc1=O,5.548213564,ChEMBL
CHEMBL4071717,CC(=O)N(C)c1ccc(NC(=O)COc2ccc(Br)cc2Cl)cc1,4.293111605,ChEMBL
CHEMBL4163466,CC(=O)N1C(=O)c2cccc3c(S(=O)(=O)N4CCCC4)ccc1c23,4.895854449,ChEMBL
CHEMBL4214313,CC(=O)N1CC(C)N(Cc2ccccc2)c2ccccc21,4.499999953,ChEMBL
CHEMBL3590392,CC(=O)N1CCC(CO[C@@H]2CNCC[C@H]2Nc2nccc3cc(C)c(=O)[nH]c23)CC1,5,ChEMBL
CHEMBL4088793,CC(=O)N1CCC(n2nc(N3CCCc4cc(-c5cnn(C)c5)c(C(F)F)cc43)c3c2CCN(C(C)=O)C3)CC1,5.387216143,ChEMBL
CHEMBL4086422,CC(=O)N1CCCc2cc(N3CCCc4cc(-c5cnn(C)c5)c(C(F)F)cc43)ccc21,5.161150909,ChEMBL
CHEMBL4214299,CC(=O)N1CCN(Cc2cccc(C)c2)c2ccccc21,4.800000053,ChEMBL
CHEMBL4218053,CC(=O)N1CCN(Cc2ccccc2)c2ccccc21,5,ChEMBL
CHEMBL3898753,CC(=O)N1CCc2[nH]nc(Nc3cccc(C(F)(F)F)c3)c2C1,4.744727495,ChEMBL
CHEMBL3959584,CC(=O)N1CCc2[nH]nc(Nc3ccccc3)c2C1,4.22184875,ChEMBL
CHEMBL4207080,CC(=O)N1CCc2c(c(-c3c[nH]c4ccccc34)nn2C2CCOCC2)C1,4.958607315,ChEMBL
CHEMBL4203862,CC(=O)N1CCc2c(c(-c3cc(C)cc4ccncc34)nn2C2CCOCC2)C1,4.920818754,ChEMBL
CHEMBL4207560,CC(=O)N1CCc2c(c(-c3cc(Cl)cc4ccncc34)nn2C2CCOCC2)C1,4.721246399,ChEMBL
CHEMBL4215166,CC(=O)N1CCc2c(c(-c3ccc(C)c4ccncc34)nn2C2CCOCC2)C1,5.113509275,ChEMBL
CHEMBL4210763,CC(=O)N1CCc2c(c(-c3cccc4[nH]ccc34)nn2C2CCOCC2)C1,5.327902142,ChEMBL
CHEMBL4208936,CC(=O)N1CCc2c(c(-c3cccc4c(Cl)cncc34)nn2C2CCOCC2)C1,4.853871964,ChEMBL
CHEMBL4204065,CC(=O)N1CCc2c(c(-c3cccc4cc(-c5cn(C)nc5C#N)ncc34)nn2C2CCOCC2)C1,5.420216403,ChEMBL
CHEMBL4209361,CC(=O)N1CCc2c(c(-c3cccc4cc(-c5cn(C)nc5C(F)F)ncc34)nn2C2CCOCC2)C1,5.552841969,ChEMBL
CHEMBL4203082,CC(=O)N1CCc2c(c(-c3cccc4cc(-c5cnn(C)c5)ncc34)nn2C2CCOCC2)C1,5.602059991,ChEMBL
CHEMBL4204490,CC(=O)N1CCc2c(c(-c3cccc4cc(-c5cnn(C)c5C#N)ncc34)nn2C2CCOCC2)C1,5.173925197,ChEMBL
CHEMBL4207965,CC(=O)N1CCc2c(c(-c3cccc4cc(-c5cnn(C)c5C(F)F)ncc34)nn2C2CCOCC2)C1,5.48148606,ChEMBL
CHEMBL4218138,CC(=O)N1CCc2c(c(-c3cccc4ccncc34)nn2C2CCOCC2)C1,4.853871964,ChEMBL
CHEMBL4206026,CC(=O)N1CCc2c(c(-c3ccnc4ccccc34)nn2C2CCOCC2)C1,4.853871964,ChEMBL
CHEMBL4083416,CC(=O)N1CCc2c(c(N3CCCc4cc(-c5cnn(C)c5)c(C(F)(F)F)cc43)nn2[C@H]2CCOC2)C1,5.37675071,ChEMBL
CHEMBL4091202,CC(=O)N1CCc2c(c(N3CCCc4cc(-c5cnn(C)c5)c(C(F)F)cc43)nn2C2CCCCC2)C1,5.022276395,ChEMBL
CHEMBL4098938,CC(=O)N1CCc2c(c(N3CCCc4cc(-c5cnn(C)c5)c(C(F)F)cc43)nn2C2CCN(C)CC2)C1,5.37675071,ChEMBL
CHEMBL4060566,CC(=O)N1CCc2c(c(N3CCCc4cc(-c5cnn(C)c5)c(C(F)F)cc43)nn2C2CCN(S(C)(=O)=O)CC2)C1,5.397940009,ChEMBL
CHEMBL4080905,CC(=O)N1CCc2c(c(N3CCCc4cc(-c5cnn(C)c5)c(C(F)F)cc43)nn2C2CCNCC2)C1,5.508638306,ChEMBL
CHEMBL4076748,CC(=O)N1CCc2c(c(N3CCCc4cc(-c5cnn(C)c5)c(C(F)F)cc43)nn2C2CCOCC2)C1,5.37675071,ChEMBL
CHEMBL4061161,CC(=O)N1CCc2c(c(N3CCCc4cc(-c5cnn(C)c5)c(C(F)F)cc43)nn2C2CCS(=O)(=O)CC2)C1,5.26760624,ChEMBL
CHEMBL4061600,CC(=O)N1CCc2c(c(N3CCCc4cc(-c5cnn(C)c5)c(C(F)F)cc43)nn2[C@H]2CCOC2)C1,5.251811973,ChEMBL
CHEMBL4062259,CC(=O)N1CCc2c(c(N3CCCc4cc(-c5cnn(C)c5)c(C)cc43)nn2[C@H]2CCOC2)C1,5.13667714,ChEMBL
CHEMBL4099857,CC(=O)N1CCc2c(c(N3CCCc4cc(-c5cnn(C)c5)c(Cl)cc43)nn2[C@H]2CCOC2)C1,5.318758763,ChEMBL
CHEMBL4077449,CC(=O)N1CCc2c(c(N3CCCc4cc(-c5cnn(C)c5)ccc43)nn2[C@H]2CCOC2)C1,4.698970004,ChEMBL
CHEMBL4095660,CC(=O)N1CCc2c(c(N3CCc4cc(-c5cnn(C)c5)ccc43)nn2[C@H]2CCOC2)C1,4.920818754,ChEMBL
CHEMBL3985118,CC(=O)N1CCc2c(c(Nc3ccc(-c4cnn(C)c4)cc3)nn2C)C1,5.036212173,ChEMBL
CHEMBL3915331,CC(=O)N1CCc2c(c(Nc3ccc(-c4cnn(C)c4)cc3)nn2C2COC2)C1,4.958607315,ChEMBL
CHEMBL3917504,CC(=O)N1CCc2c(c(Nc3ccc(-c4cnn(C)c4)cc3)nn2CC2CC2)C1,5.193820026,ChEMBL
CHEMBL3896323,CC(=O)N1CCc2c(c(Nc3ccc(-c4cnn(C)c4)cc3)nn2[C@@H]2CCOC2)C1,5.070581074,ChEMBL
CHEMBL3924330,CC(=O)N1CCc2c(c(Nc3ccc(-c4cnn(C)c4)cc3)nn2[C@H]2CCOC2)C1,4.958607315,ChEMBL
CHEMBL3968533,CC(=O)N1CCc2c(c(Nc3ccc(-c4cnn(C)c4)cc3F)nn2[C@@H]2CCOC2)C1,4.886056648,ChEMBL
CHEMBL3897393,CC(=O)N1CCc2c(c(Nc3ccc(-c4cnn(C)c4)cc3F)nn2[C@H]2CCOC2)C1,4.886056648,ChEMBL
CHEMBL3911524,CC(=O)N1CCc2c(c(Nc3cccc(-c4cc[nH]n4)c3)nn2CC2CC2)C1,5.420216403,ChEMBL
CHEMBL3902514,CC(=O)N1CCc2c(c(Nc3cccc(-c4ccccc4)c3)nn2CC2CC2)C1,5.337242168,ChEMBL
CHEMBL3973515,CC(=O)N1CCc2c(c(Nc3cccc(-c4ccccn4)c3)nn2CC2CC2)C1,5.408935393,ChEMBL
CHEMBL3893541,CC(=O)N1CCc2c(c(Nc3cccc(-c4cccnc4)c3)nn2CC2CC2)C1,5.397940009,ChEMBL
CHEMBL3962542,CC(=O)N1CCc2c(c(Nc3cccc(-c4ccncc4)c3)nn2CC2CC2)C1,6.060480747,ChEMBL
CHEMBL3938408,CC(=O)N1CCc2c(c(Nc3cccc(-c4ccnn4C)c3)nn2CC2CC2)C1,5.431798276,ChEMBL
CHEMBL3892467,CC(=O)N1CCc2c(c(Nc3cccc(-c4cn[nH]c4)c3)nn2CC2CC2)C1,5.337242168,ChEMBL
CHEMBL3981511,CC(=O)N1CCc2c(c(Nc3cccc(-c4cnn(C)c4)c3)nn2CC2CC2)C1,5.37675071,ChEMBL
CHEMBL3920459,CC(=O)N1CCc2c(c(Nc3cccc(-c4cnoc4)c3)nn2CC2CC2)C1,5.065501549,ChEMBL
CHEMBL3943463,CC(=O)N1CCc2c(c(Nc3cccc(C(=O)N(C)C)c3)nn2CC2CC2)C1,4.886056648,ChEMBL
CHEMBL3889679,CC(=O)N1CCc2c(c(Nc3cccc(C(=O)NC(C)C)c3)nn2CC2CC2)C1,5.431798276,ChEMBL
CHEMBL3900573,CC(=O)N1CCc2c(c(Nc3cccc(C)c3)nn2C2CC2)C1,4.823908741,ChEMBL
CHEMBL3962757,CC(=O)N1CCc2c(c(Nc3cccc(C)c3)nn2CC2CC2)C1,4.886056648,ChEMBL
CHEMBL3909879,CC(=O)N1CCc2c(c(Nc3cccc(C)c3)nn2CCC2CC2)C1,5.008773924,ChEMBL
CHEMBL3897524,CC(=O)N1CCc2c(c(Nc3cccc(C)c3)nn2Cc2ccccc2)C1,5.337242168,ChEMBL
CHEMBL3936675,CC(=O)N1CCc2c(c(Nc3cccc(C)c3)nn2Cc2ccccn2)C1,5.13667714,ChEMBL
CHEMBL3986361,CC(=O)N1CCc2c(c(Nc3cccc(C)c3)nn2Cc2cccnc2)C1,5.251811973,ChEMBL
CHEMBL3916599,CC(=O)N1CCc2c(c(Nc3cccc(C)c3)nn2Cc2ccncc2)C1,5.229147988,ChEMBL
CHEMBL4077375,CC(=O)N1CCc2c(cc(-c3cccc(Cl)c3)c(=O)n2CC2CC2)C1,4.283996656,ChEMBL
CHEMBL3586720,CC(=O)N1CCc2cc(-c3cnc(NC4CCNCC4)c4[nH]c(=O)c(C)cc34)ccc21,6,ChEMBL
CHEMBL4208315,CC(=O)N1c2ccc(-c3ccc(C(=O)N4CCNCC4)cc3)cc2N(C(=O)C2CC2)C[C@@H]1C,6.420216403,ChEMBL
CHEMBL4215658,CC(=O)N1c2ccc(-c3ccc(N4CCS(=O)(=O)CC4)cc3)cc2N(C(=O)C2CC2)C[C@@H]1C,7,ChEMBL
CHEMBL3220922,CC(=O)N1c2ccc(-c3ccc(NC(=O)CCCCCCC(=O)NO)cc3)cc2[C@H](NC(=O)OC(C)C)C[C@@H]1C,7.301029996,ChEMBL
CHEMBL4216188,CC(=O)N1c2ccc(-c3ccc(S(C)(=O)=O)cc3)cc2N(C(=O)C2CC2)C[C@@H]1C,5.769551079,ChEMBL
CHEMBL4211224,CC(=O)N1c2ccc(-c3ccc(S(C)(=O)=O)cc3)cc2N(C(=O)OC(C)C)C[C@@H]1C,6.585026652,ChEMBL
CHEMBL4205343,CC(=O)N1c2ccc(-c3ccc(S(C)(=O)=O)cc3)cc2N(C(=O)c2ccco2)C[C@@H]1C,5.795880017,ChEMBL
CHEMBL4207530,CC(=O)N1c2ccc(-c3ccccc3)cc2N(C(=O)c2ccco2)C[C@@H]1C,5.795880017,ChEMBL
CHEMBL3220924,CC(=O)N1c2ccc(-c3ccccc3)cc2[C@H](NC(=O)CCCCCCC(=O)NO)C[C@@H]1C,6.443697499,ChEMBL
CHEMBL4213809,CC(=O)N1c2ccc(-c3cnc(C(N)=O)nc3)cc2N(Cc2ccccc2CO)C[C@@H]1C1CC1,5.700000504,ChEMBL
CHEMBL4206854,CC(=O)N1c2ccc(-c3cnn(C(C)C)c3)cc2N(C(=O)C2CC2)C[C@@H]1C,6.37675071,ChEMBL
CHEMBL4217059,CC(=O)N1c2ccc(-c3cnn(C)c3)cc2N(C(=O)c2ccco2)C[C@@H]1C,6.420216403,ChEMBL
CHEMBL4203456,CC(=O)N1c2ccc(-c3cnn(C4CNC4)c3)cc2N(C(=O)C2CC2)C[C@@H]1C,7.22184875,ChEMBL
CHEMBL4211739,CC(=O)N1c2ccc(-c3cnn(C4COC4)c3)cc2N(C(=O)C2CC2)C[C@@H]1C,6.431798276,ChEMBL
CHEMBL4218735,CC(=O)N1c2ccc(C3=CCNCC3)cc2N(Cc2ccccc2CO)C[C@@H]1C1CC1,5.499999679,ChEMBL
CHEMBL3220923,CC(=O)N1c2ccc(NC(=O)CCCCCCC(=O)NO)cc2[C@H](NC(=O)OC(C)C)C[C@@H]1C,6.537602002,ChEMBL
CHEMBL3220925,CC(=O)N1c2ccc(NC(=O)CCCCCCC(=O)NO)cc2[C@H](Nc2ccccc2)C[C@@H]1C,7,ChEMBL
CHEMBL1950955,CC(=O)N1c2ccccc2CCC1C,3.799999998,ChEMBL
CHEMBL4211756,CC(=O)N1c2ccccc2N(C(=O)C2CCCC2)C[C@@H]1C,4.366531544,ChEMBL
CHEMBL4208254,CC(=O)N1c2ccccc2N(C(=O)c2ccco2)C[C@@H]1C,4.853871964,ChEMBL
CHEMBL4206502,CC(=O)N1c2ccccc2N(Cc2ccc(Cl)cc2C(=O)O)CC1C1CC1,4.399999968,ChEMBL
CHEMBL4203288,CC(=O)N1c2ccccc2N(Cc2cccc(C)c2)CC1C,4.700000069,ChEMBL
CHEMBL4215719,CC(=O)N1c2ccccc2N(Cc2cccc(C)c2)CC1C1CC1,4.600000075,ChEMBL
CHEMBL4203188,CC(=O)N1c2ccccc2N(Cc2cccc(CO)c2)CC1C1CC1,4.600000075,ChEMBL
CHEMBL4216074,CC(=O)N1c2ccccc2N(Cc2cccc(O)c2)CC1C1CC1,4.800000053,ChEMBL
CHEMBL4214033,CC(=O)N1c2ccccc2N(Cc2ccccc2)CC1C,4.800000053,ChEMBL
CHEMBL4202847,CC(=O)N1c2ccccc2N(Cc2ccccc2)CC1C1CC1,4.700000069,ChEMBL
CHEMBL4210528,CC(=O)N1c2ccccc2N(Cc2ccccc2C#N)CC1C1CC1,4.600000075,ChEMBL
CHEMBL4206978,CC(=O)N1c2ccccc2N(Cc2ccccc2C(=O)O)CC1C,4.399999968,ChEMBL
CHEMBL4203699,CC(=O)N1c2ccccc2N(Cc2ccccc2CN)CC1C1CC1,4.700000069,ChEMBL
CHEMBL4208576,CC(=O)N1c2ccccc2N(Cc2ccccc2N(C)C)CC1C1CC1,4.700000069,ChEMBL
CHEMBL4206054,CC(=O)N1c2ccccc2N(Cc2ccccc2O)CC1C1CC1,4.700000069,ChEMBL
CHEMBL4210932,CC(=O)N1c2ccccc2N(Cc2ccccc2OCCO)CC1C1CC1,4.600000075,ChEMBL
CHEMBL2431094,CC(=O)NC[C@@H]1N=C(c2ccc(Cl)cc2)c2c(sc(C)c2C)-c2c(C)noc21,6.721246399,ChEMBL
CHEMBL4061677,CC(=O)Nc1ccc(CNc2cccc(Oc3ccc(S(C)(=O)=O)cc3-c3cn(C)c(=O)c4cncn34)c2)cc1,6.420216403,ChEMBL
CHEMBL3589478,CC(=O)Nc1cccc(/C=C(/C(=O)N2CC(=O)Nc3ccccc32)c2ccccc2)c1,4.397940009,ChEMBL
CHEMBL2335153,CC(=O)Oc1cc(-c2c(C)noc2C)cc(C(O)c2ccccc2)c1,6.430310257,ChEMBL
CHEMBL3770112,CC(=O)c1cc(-c2ccccc2CO)c2ccccn12,4.410050399,ChEMBL
CHEMBL4228900,CC(=O)c1cn(C)c(=O)c2ccc(-c3ccccc3)cc12,4.091514981,ChEMBL
CHEMBL4227710,CC(=O)c1cn(C)c(=O)c2ccc(-c3cnn(C)c3)cc12,4.619788758,ChEMBL
CHEMBL4226129,CC(=O)c1cn(C)c(=O)c2ccc(-c3ncco3)cc12,4.142667504,ChEMBL
CHEMBL4225778,CC(=O)c1cn(C)c(=O)c2ccc(-c3nccs3)cc12,3.91721463,ChEMBL
CHEMBL1443641,CC(=O)c1cn(C)c(=O)c2ccccc12,4.148741651,ChEMBL
CHEMBL4159164,CC(=O)n1cc(C(=O)Nc2cc(C(=O)O)cc(-c3ccco3)c2)c2ccccc21,5.659555885,ChEMBL
CHEMBL3827114,CC(C)Oc1cc2c(cc1NC(=O)c1ccccn1)n(C)c(=O)n2C,5,ChEMBL
CHEMBL3827276,CC(C)Oc1cc2c(cc1NC(=O)c1ccncn1)n(C)c(=O)n2C,4.600000075,ChEMBL
CHEMBL3827927,CC(C)Oc1ccc2c(c1)n(C)c(=O)n2C,4.399999968,ChEMBL
CHEMBL4177190,CC(Nc1ccc2c(c1)N(C1CC1)C(C)C(=O)N2C)c1ccc(Cl)cc1,6.677780705,ChEMBL
CHEMBL4169351,CC(Nc1ccc2c(c1)N(C1CC1)C(C)C(=O)N2C)c1ccc(F)cc1,6.568636236,ChEMBL
CHEMBL4163219,CC(Nc1ccc2c(c1)N(C1CC1)C(C)C(=O)N2C)c1ccccc1,6.468521083,ChEMBL
CHEMBL3815023,CC(c1ccccc1)n1cc(-c2cccc3c2N[C@H](C)CC(=O)N3)cn1,4.795880017,ChEMBL
CHEMBL3970919,CC/C=C(\CC)c1cc(-c2c(C)noc2C)cc2nc(C3CC3)[nH]c12,7.742321425,ChEMBL
CHEMBL4092461,CC1(C)CON(Cc2ccc(N3C(=O)c4cccnc4C3=O)cc2Cl)C1=O,4.895854449,ChEMBL
CHEMBL4280151,CC1(C)Oc2cc(NS(=O)(=O)C3CCCCC3)ccc2NC1=O,5.412289035,ChEMBL
CHEMBL4282172,CC1(C)Oc2cc(NS(=O)(=O)c3ccc(F)cc3)ccc2NC1=O,5.319664487,ChEMBL
CHEMBL4278704,CC1(C)Oc2cc(NS(=O)(=O)c3ccc(F)cc3Cl)ccc2NC1=O,5.841637508,ChEMBL
CHEMBL4292779,CC1(C)Oc2cc(NS(=O)(=O)c3ccc(F)cc3F)ccc2NC1=O,5.563837353,ChEMBL
CHEMBL4277199,CC1(C)Oc2cc(NS(=O)(=O)c3ccc(F)cc3F)cnc2NC1=O,4.396855627,ChEMBL
CHEMBL4293853,CC1(C)Oc2cc(NS(=O)(=O)c3ccccc3)ccc2NC1=O,5.476253533,ChEMBL
CHEMBL4288055,CC1(C)Oc2cc(NS(=O)(=O)c3cccs3)ccc2NC1=O,5.184422252,ChEMBL
CHEMBL4278261,CC1(C)Oc2cc(NS(=O)(=O)c3cccs3)cnc2NC1=O,4.59465364,ChEMBL
CHEMBL4077359,CC1=C(C)C2C(c3ccc(Cl)cc3)=N[C@@H](CC(=O)NCCOCCOCCOCCOCCOCCOCCOCCNC(=O)C[C@@H]3N=C(c4ccc(Cl)cc4)c4c(sc(C)c4C)-n4c(C)nnc43)c3nnc(C)n3C2S1,8.508638306,ChEMBL
CHEMBL4203461,CC1C(=O)N(C)c2ccc(C(=O)N(C)C3CCCC3)cc2N1C1CC1,6.901356274,ChEMBL
CHEMBL4204922,CC1C(=O)N(C)c2ccc(C(=O)N(C)C3CCCCC3)cc2N1C1CC1,7.562249437,ChEMBL
CHEMBL4212712,CC1C(=O)N(C)c2ccc(C(=O)N(C)c3ccccc3)cc2N1C1CC1,7.987162775,ChEMBL
CHEMBL4208164,CC1C(=O)N(C)c2ccc(C(=O)N3CCc4cc(F)ccc43)cc2N1C1CC1,7.087777943,ChEMBL
CHEMBL4211379,CC1C(=O)N(C)c2ccc(C(=O)N3CCc4ccccc43)cc2N1C1CC1,7.690369833,ChEMBL
CHEMBL4213080,CC1C(=O)N(C)c2ccc(C(=O)N3CCc4ccccc43)cc2N1C1CCCC1,7.759450752,ChEMBL
CHEMBL4216970,CC1C(=O)N(C)c2ccc(C(=O)N3CCc4ccccc43)nc2N1C1CC1,6.622511617,ChEMBL
CHEMBL4211576,CC1C(=O)N(C)c2ccc(C(=O)NC3CCCC3)cc2N1C1CC1,6.447331784,ChEMBL
CHEMBL4202845,CC1C(=O)N(C)c2ccc(C(=O)NC3CCCCC3)cc2N1C1CC1,6.544393887,ChEMBL
CHEMBL4204769,CC1C(=O)N(C)c2ccc(C(=O)NC3CCc4ccccc43)cc2N1C1CC1,6.774690718,ChEMBL
CHEMBL4212422,CC1C(=O)N(C)c2ccc(C(=O)NNc3ccccc3)cc2N1C1CC1,6.431798276,ChEMBL
CHEMBL4207517,CC1C(=O)N(C)c2ccc(C(=O)NS(=O)(=O)c3ccccc3)cc2N1C1CC1,5.955264303,ChEMBL
CHEMBL4213012,CC1C(=O)N(C)c2ccc(C(=O)Nc3ccc(Cl)cc3)cc2N1C1CC1,6.968591536,ChEMBL
CHEMBL4211810,CC1C(=O)N(C)c2ccc(C(=O)Nc3ccc(F)cc3)cc2N1C1CC1,6.73400363,ChEMBL
CHEMBL4206132,CC1C(=O)N(C)c2ccc(C(=O)Nc3ccccc3)cc2N1C1CC1,6.816730156,ChEMBL
CHEMBL4205657,CC1C(=O)N(C)c2ccc(C(=O)Nc3ccccc3F)cc2N1C1CC1,6.750801643,ChEMBL
CHEMBL4209636,CC1C(=O)N(C)c2ccc(CN3CCc4ccccc43)cc2N1C1CC1,5.802857335,ChEMBL
CHEMBL4161760,CC1C(=O)N(C)c2ccc(NCc3ccccc3)cc2N1C1CC1,6.337242168,ChEMBL
CHEMBL4168553,CC1C(=O)N(C)c2ccc(N[C@@H](C)c3ccc(F)cc3)cc2N1C1CC1,6.958607315,ChEMBL
CHEMBL4174233,CC1C(=O)N(C)c2ccc(N[C@@H](C)c3ccccc3)cc2N1C1CC1,6.744727495,ChEMBL
CHEMBL3904002,CC1C(=O)Nc2ccccc2N1C(=O)c1cccc(-c2ccccc2)c1,5.129596095,ChEMBL
CHEMBL3814217,CC1CC(=O)Nc2ccccc2C1,4.22184875,ChEMBL
CHEMBL2142704,CC1CC(=O)Nc2ccccc2N1,3.657577319,ChEMBL
CHEMBL2282031,CC1CC(=O)Nc2ccccc2O1,4.096910013,ChEMBL
CHEMBL3813884,CC1CC(=O)Nc2ccccc2S1,4.366531544,ChEMBL
CHEMBL4207666,CC1CCC(N(C)C(=O)c2ccc3c(c2)N(C2CC2)C(C)C(=O)N3C)CC1,7.866461092,ChEMBL
CHEMBL4206069,CC1CCC(NC(=O)c2ccc3c(c2)N(C2CC2)C(C)C(=O)N3C)CC1,6.410050399,ChEMBL
CHEMBL4066449,CC1CCc2c(sc3nc(-c4ccc(O)cc4)[nH]c(=O)c23)C1,5.36552273,ChEMBL
CHEMBL4087922,CC1CCc2c(sc3nc(-c4cccc(Br)c4)[nH]c(=O)c23)C1,5.991399828,ChEMBL
CHEMBL4208894,CC1Cc2ccccc2N1C(=O)c1ccc2c(c1)N(C1CC1)C(C)C(=O)N2C,7.441291429,ChEMBL
CHEMBL4097164,CCC(=O)N1CCCc2cc(NS(=O)(=O)c3ccc(F)cc3C)ccc21,4.13076828,ChEMBL
CHEMBL3942643,CCC(=O)N1CCN(S(=O)(=O)c2cccc(Nc3ncc4c(n3)N(C)c3ccc(C)cc3C(=O)N4C)c2)CC1,4.725842151,ChEMBL
CHEMBL3774655,CCC(=O)N1CCOc2c(cc(-c3ccc(OC)c(OC)c3)cc2OC[C@H]2CCCN(C)C2)C1,4.823908741,ChEMBL
CHEMBL4212637,CCC(=O)N1c2ccc(-c3ccc(S(C)(=O)=O)cc3)cc2N(C(=O)c2ccco2)C[C@@H]1C,5.853871964,ChEMBL
CHEMBL3108806,CCC(=O)Nc1cc(-c2nn3c(C)nnc3c3ccccc23)ccc1C,4.700000069,ChEMBL
CHEMBL3920109,CCC(CC)c1cc(-c2c(C)noc2C)cc2[nH]c(C3CC3)nc12,7.401209493,ChEMBL
CHEMBL4163538,CCC(Nc1ccc2c(c1)N(C1CC1)C(C)C(=O)N2C)c1ccccc1,6.387216143,ChEMBL
CHEMBL3890209,CCC(O)(CC)c1cc(-c2c(C)noc2C)cc2c1nc(C1CC1)n2C,6.242072817,ChEMBL
CHEMBL4203331,CCC1C(=O)N(C)c2ccc(C(=O)Nc3ccc(C)cc3C)cc2N1C1CCCC1,7.131943638,ChEMBL
CHEMBL3899157,CCC1CCC(=O)N1c1cc(-c2c(C)noc2C)cc2[nH]c(C3CC3)nc12,7.277366077,ChEMBL
CHEMBL4216731,CCC1CN(Cc2cccc(C)c2)c2ccccc2N1C(C)=O,4.900000142,ChEMBL
CHEMBL4212836,CCC1CN(Cc2ccccc2)c2cc(-c3ccc(=O)[nH]c3)ccc2N1C(C)=O,6.099999035,ChEMBL
CHEMBL4205865,CCC1CN(Cc2ccccc2)c2cc(-c3ccc(C(N)=O)cc3)ccc2N1C(C)=O,6.399996913,ChEMBL
CHEMBL4205557,CCC1CN(Cc2ccccc2)c2cc(-c3ccc(C(N)=O)nc3)ccc2N1C(C)=O,6.199998172,ChEMBL
CHEMBL4207924,CCC1CN(Cc2ccccc2)c2cc(-c3cccc(C(N)=O)c3)ccc2N1C(C)=O,6.299997603,ChEMBL
CHEMBL4208636,CCC1CN(Cc2ccccc2)c2cc(-c3ccccc3)ccc2N1C(C)=O,5.800000875,ChEMBL
CHEMBL4217789,CCC1CN(Cc2ccccc2)c2cc(-c3cccnc3)ccc2N1C(C)=O,5.800000875,ChEMBL
CHEMBL4217264,CCC1CN(Cc2ccccc2)c2cc(-c3ccncc3OC)ccc2N1C(C)=O,5.300000202,ChEMBL
CHEMBL4211868,CCC1CN(Cc2ccccc2)c2cc(-c3cn[nH]c3)ccc2N1C(C)=O,6.399996913,ChEMBL
CHEMBL4213381,CCC1CN(Cc2ccccc2)c2cc(-c3cnc(C#N)nc3)ccc2N1C(C)=O,6.599997654,ChEMBL
CHEMBL4208455,CCC1CN(Cc2ccccc2)c2cc(-c3cnc(C(N)=O)nc3)ccc2N1C(C)=O,5.700000504,ChEMBL
CHEMBL4208993,CCC1CN(Cc2ccccc2)c2cc(-c3cnc(C)cn3)ccc2N1C(C)=O,5.700000504,ChEMBL
CHEMBL4204112,CCC1CN(Cc2ccccc2)c2cc(-c3cncnc3)ccc2N1C(C)=O,5.499999679,ChEMBL
CHEMBL4216840,CCC1CN(Cc2ccccc2)c2cc(-c3cnoc3)ccc2N1C(C)=O,5.800000875,ChEMBL
CHEMBL4213572,CCC1CN(Cc2ccccc2)c2cc(Br)ccc2N1C(C)=O,5.599999383,ChEMBL
CHEMBL4206478,CCC1CN(Cc2ccccc2)c2cc(C3=CCNCC3)ccc2N1C(C)=O,5.499999679,ChEMBL
CHEMBL4218207,CCC1CN(Cc2ccccc2)c2cc(C3=CCOCC3)ccc2N1C(C)=O,5.800000875,ChEMBL
CHEMBL4212964,CCC1CN(Cc2ccccc2)c2ccccc2N1C(C)=O,5,ChEMBL
CHEMBL4206089,CCC1CN(Cc2ccccc2C(=O)O)c2ccccc2N1C(C)=O,4.499999953,ChEMBL
CHEMBL3410005,CCCC(=O)Nc1cc(-c2csc(=O)[nH]2)cc(S(=O)(=O)NC2CCCC2)c1,6.769551079,ChEMBL
CHEMBL3410006,CCCC(=O)Nc1cc(-c2csc(=O)[nH]2)cc(S(=O)(=O)NC2CCCC2)c1C,6.031517051,ChEMBL
CHEMBL2349358,CCCC(=O)Nc1cc(-c2csc(=O)[nH]2)ccc1NS(=O)(=O)c1cccs1,5.619788758,ChEMBL
CHEMBL2349462,CCCC(=O)Nc1cc(NS(=O)(=O)c2cccs2)cc(-c2csc(=O)[nH]2)c1,6.102372909,ChEMBL
CHEMBL4170812,CCCC(Nc1ccc2c(c1)N(C1CC1)C(C)C(=O)N2C)c1ccccc1,6.214670165,ChEMBL
CHEMBL2431085,CCCC1=N[C@@H](CC(N)=O)c2onc(C)c2-c2sc(C)c(C)c21,6.522878745,ChEMBL
CHEMBL4165640,CCCC1Oc2cc(-c3c(C)noc3C)ccc2NC1=O,6.537602002,ChEMBL
CHEMBL4176247,CCCCC1Oc2cc(-c3c(C)noc3C)ccc2NC1=O,6.698970004,ChEMBL
CHEMBL3781513,CCCCCNS(=O)(=O)c1ccc2c3c(cccc13)C(=O)N2CC,5.823908741,ChEMBL
CHEMBL4089719,CCCCCOc1ccccc1C(=O)Nc1ncnc2[nH]cnc12,5.148741651,ChEMBL
CHEMBL3781279,CCCCNS(=O)(=O)c1ccc2c3c(cccc13)C(=O)N2C,5.085128182,ChEMBL
CHEMBL3780279,CCCCNS(=O)(=O)c1ccc2c3c(cccc13)C(=O)N2CC,6.356547324,ChEMBL
CHEMBL3779914,CCCCNS(=O)(=O)c1ccc2c3c(cccc13)C(=O)N2CCC,4.675100503,ChEMBL
CHEMBL4289549,CCCCS(=O)(=O)Nc1ccc2c(c1)OC(C)(C)C(=O)N2,4.925549281,ChEMBL
CHEMBL3780901,CCCCS(=O)(=O)Nc1ccc2c3c(cccc13)C(=O)N2CC,6.13667714,ChEMBL
CHEMBL4229088,CCCCS(=O)(=O)Nc1cccc(-c2cn(C)c(=O)c3ccccc23)c1,6.37675071,ChEMBL
CHEMBL3774931,CCCCc1c(C)nc2nc(SCc3nc4c(c(=O)[nH]c(=O)n4CCCC)n3CC)nn2c1C,5.301029996,ChEMBL
CHEMBL3775772,CCCCc1c(C)nc2nc(SCc3nc4c(c(=O)[nH]c(=O)n4Cc4ccc(Cl)cc4)n3CC)nn2c1C,4.690369833,ChEMBL
CHEMBL3775270,CCCCn1c(=O)[nH]c(=O)c2c1ncn2CC,4.886056648,ChEMBL
CHEMBL4167326,CCCN1C(=O)c2cccc3c(S(=O)(=O)N4CCCC4)ccc1c23,4.95939766,ChEMBL
CHEMBL3780218,CCCN1C(=O)c2cccc3c(S(=O)(=O)NC4CCCCC4)ccc1c23,5.283162277,ChEMBL
CHEMBL3934488,CCCNC(=O)c1cccc(Nc2nn(CC3CC3)c3c2CN(C(C)=O)CC3)c1,5.236572006,ChEMBL
CHEMBL4091524,CCCNS(=O)(=O)c1ccc2c3c(cccc13)C(=O)N2C,5.019088062,ChEMBL
CHEMBL3590401,CCCO[C@@H]1CNCC[C@H]1Nc1nccc2cc(C)c(=O)[nH]c12,5.200000237,ChEMBL
CHEMBL3963965,CCCOc1ccc(CCc2nc3cc(-c4c(C)noc4C)ccc3n2CCN2CCOCC2)cc1,5.537602002,ChEMBL
CHEMBL4227923,CCCOc1ccc(S(=O)(=O)CC)cc1-c1cn(C)c(=O)c2ccc(-c3cnn(C)c3)cc12,8.610924375,ChEMBL
CHEMBL4227387,CCCOc1ccc(S(C)(=O)=O)cc1-c1cn(C)c(=O)c2ccc(-c3cnn(C)c3)cc12,8.173393743,ChEMBL
CHEMBL3398338,CCCOc1ccccc1C(=O)Nc1ncnc2[nH]cnc12,4.698970004,ChEMBL
CHEMBL4281665,CCCS(=O)(=O)Nc1ccc2c(c1)OC(C)(C)C(=O)N2,4.920456993,ChEMBL
CHEMBL3781213,CCCS(=O)(=O)Nc1ccc2c3c(cccc13)C(=O)N2CC,5.931814138,ChEMBL
CHEMBL4226942,CCCS(=O)(=O)Nc1cccc(-c2cn(C)c(=O)c3ccccc23)c1,6.387216143,ChEMBL
CHEMBL4206171,CCC[C@@H]1C(=O)N(C)c2cnc(Nc3ccc(C(=O)NC4CCN(C)CC4)cc3OC)nc2N1C1CCCC1,5.588548658,ChEMBL
CHEMBL4209192,CCC[C@@H]1C(=O)N(C)c2cnc(Nc3ccc(C(=O)NC4CCN(C)CC4)cc3OC3CCCC3)nc2N1C1CCCC1,6.22475374,ChEMBL
CHEMBL4073738,CCCc1cc2c(=O)[nH]c(-c3ccc(O)cc3)nc2s1,5.066006836,ChEMBL
CHEMBL3980755,CCCn1nc(Nc2cccc(C)c2)c2c1CCN(C(C)=O)C2,4.853871964,ChEMBL
CHEMBL4065093,CCCn1nnc(NC(=O)COc2ccc(Cl)cc2C)n1,4.637140697,ChEMBL
CHEMBL4165196,CCN(C(=O)Oc1ccc(F)cc1)c1ccc2c(c1)N(C1CC1)C(C)C(=O)N2C,6.091514981,ChEMBL
CHEMBL4204578,CCN(C(=O)c1ccc2c(c1)N(C1CC1)C(C)C(=O)N2C)C1CCCCC1,7.42136079,ChEMBL
CHEMBL4208320,CCN(C(=O)c1ccc2c(c1)N(C1CC1)C(C)C(=O)N2C)c1ccc(C)cc1,7.978810701,ChEMBL
CHEMBL4165376,CCN(Cc1ccccc1)c1ccc2c(c1)N(C1CC1)C(C)C(=O)N2C,6.102372909,ChEMBL
CHEMBL4086168,CCN1C(=O)C(C)(C)c2cc3nc(-c4cc(C)c(=O)n(C)c4)n([C@@H](C)c4ccccc4)c3cc21,8.698970004,ChEMBL
CHEMBL4172674,CCN1C(=O)C(C)N(C2CCCC2)c2cc(NS(=O)(=O)c3ccc(C)cc3)ccc21,6.119186408,ChEMBL
CHEMBL4168278,CCN1C(=O)[C@@H](CC2CC2)Oc2cc(-c3c(C)noc3C)ccc21,6.318758763,ChEMBL
CHEMBL3781484,CCN1C(=O)c2cccc3c(NS(=O)(=O)C4CCCC4)ccc1c23,6.337242168,ChEMBL
CHEMBL3781254,CCN1C(=O)c2cccc3c(NS(=O)(=O)C4CCCCC4)ccc1c23,6.677780705,ChEMBL
CHEMBL3780115,CCN1C(=O)c2cccc3c(NS(=O)(=O)CC)ccc1c23,5.369572125,ChEMBL
CHEMBL3781285,CCN1C(=O)c2cccc3c(NS(=O)(=O)Cc4ccc(C)cc4)ccc1c23,5.248720896,ChEMBL
CHEMBL3780143,CCN1C(=O)c2cccc3c(NS(=O)(=O)Cc4ccc(Cl)cc4)ccc1c23,5.317854924,ChEMBL
CHEMBL3780491,CCN1C(=O)c2cccc3c(NS(=O)(=O)Cc4ccc(F)cc4)ccc1c23,5.30980392,ChEMBL
CHEMBL3780338,CCN1C(=O)c2cccc3c(NS(=O)(=O)Cc4cccc(F)c4)ccc1c23,5.276544328,ChEMBL
CHEMBL3780000,CCN1C(=O)c2cccc3c(NS(=O)(=O)Cc4ccccc4F)ccc1c23,5.367542708,ChEMBL
CHEMBL3781119,CCN1C(=O)c2cccc3c(NS(=O)(=O)c4c(Cl)cccc4Cl)ccc1c23,5.254925208,ChEMBL
CHEMBL3780429,CCN1C(=O)c2cccc3c(NS(=O)(=O)c4cc(Br)ccc4OC)ccc1c23,6.387216143,ChEMBL
CHEMBL3779929,CCN1C(=O)c2cccc3c(NS(=O)(=O)c4cc(Cl)ccc4OC)ccc1c23,6.327902142,ChEMBL
CHEMBL3781570,CCN1C(=O)c2cccc3c(NS(=O)(=O)c4cc(OC)ccc4OC)ccc1c23,5.412289035,ChEMBL
CHEMBL3780879,CCN1C(=O)c2cccc3c(NS(=O)(=O)c4ccc(C#N)cc4)ccc1c23,5.525783736,ChEMBL
CHEMBL3780560,CCN1C(=O)c2cccc3c(NS(=O)(=O)c4ccc(C)cc4)ccc1c23,6.27572413,ChEMBL
CHEMBL3780753,CCN1C(=O)c2cccc3c(NS(=O)(=O)c4ccc(Cl)cc4F)ccc1c23,5.764471553,ChEMBL
CHEMBL3780128,CCN1C(=O)c2cccc3c(NS(=O)(=O)c4ccc(F)cc4)ccc1c23,6.397940009,ChEMBL
CHEMBL3780706,CCN1C(=O)c2cccc3c(NS(=O)(=O)c4ccc(F)cc4Cl)ccc1c23,6.346787486,ChEMBL
CHEMBL3780059,CCN1C(=O)c2cccc3c(NS(=O)(=O)c4ccc(F)cc4F)ccc1c23,6.920818754,ChEMBL
CHEMBL3780784,CCN1C(=O)c2cccc3c(NS(=O)(=O)c4ccc([N+](=O)[O-])cc4)ccc1c23,5.642065153,ChEMBL
CHEMBL3780526,CCN1C(=O)c2cccc3c(NS(=O)(=O)c4cccc(C(=O)O)c4)ccc1c23,5.454692884,ChEMBL
CHEMBL3780384,CCN1C(=O)c2cccc3c(NS(=O)(=O)c4cccc(C(=O)OC)c4)ccc1c23,5.504455662,ChEMBL
CHEMBL3781095,CCN1C(=O)c2cccc3c(NS(=O)(=O)c4cccc(Cl)c4Cl)ccc1c23,5.59345982,ChEMBL
CHEMBL3780017,CCN1C(=O)c2cccc3c(NS(=O)(=O)c4cccc(F)c4)ccc1c23,6.207608311,ChEMBL
CHEMBL3781755,CCN1C(=O)c2cccc3c(NS(=O)(=O)c4ccccc4)ccc1c23,6.522878745,ChEMBL
CHEMBL3781534,CCN1C(=O)c2cccc3c(NS(=O)(=O)c4ccccc4Br)ccc1c23,6.292429824,ChEMBL
CHEMBL3780026,CCN1C(=O)c2cccc3c(NS(=O)(=O)c4ccccc4C(=O)O)ccc1c23,5.801342913,ChEMBL
CHEMBL3780234,CCN1C(=O)c2cccc3c(NS(=O)(=O)c4ccccc4C(=O)OC)ccc1c23,5.640164518,ChEMBL
CHEMBL3779900,CCN1C(=O)c2cccc3c(NS(=O)(=O)c4cccs4)ccc1c23,5.924453039,ChEMBL
CHEMBL4169300,CCN1C(=O)c2cccc3c(S(=O)(=O)N(CC)CC)ccc1c23,4.374378919,ChEMBL
CHEMBL4177508,CCN1C(=O)c2cccc3c(S(=O)(=O)N4CCCCC4)ccc1c23,4.325322532,ChEMBL
CHEMBL4167407,CCN1C(=O)c2cccc3c(S(=O)(=O)N4CCC[C@@H](O)C4)ccc1c23,4.491739694,ChEMBL
CHEMBL4175673,CCN1C(=O)c2cccc3c(S(=O)(=O)N4CCC[C@@H]4C(=O)NN)ccc1c23,5.991399828,ChEMBL
CHEMBL4165055,CCN1C(=O)c2cccc3c(S(=O)(=O)N4CCC[C@@H]4C(=O)Nc4ccccc4)ccc1c23,5.844663963,ChEMBL
CHEMBL4171143,CCN1C(=O)c2cccc3c(S(=O)(=O)N4CCC[C@@H]4C(=O)O)ccc1c23,5.519993057,ChEMBL
CHEMBL4170804,CCN1C(=O)c2cccc3c(S(=O)(=O)N4CC[C@@H](NC(=O)OC(C)(C)C)C4)ccc1c23,4.876148359,ChEMBL
CHEMBL4162367,CCN1C(=O)c2cccc3c(S(=O)(=O)N4CC[C@@H](O)C4)ccc1c23,4.56035157,ChEMBL
CHEMBL4170290,CCN1C(=O)c2cccc3c(S(=O)(=O)N4CC[C@@H](OC)C4)ccc1c23,4.877456476,ChEMBL
CHEMBL4160166,CCN1C(=O)c2cccc3c(S(=O)(=O)N4CC[C@H](NC(=O)OC(C)(C)C)C4)ccc1c23,4.294563953,ChEMBL
CHEMBL3781500,CCN1C(=O)c2cccc3c(S(=O)(=O)NC4(C(N)=O)CCCCC4)ccc1c23,5.71219827,ChEMBL
CHEMBL3780138,CCN1C(=O)c2cccc3c(S(=O)(=O)NC4CCCC4)ccc1c23,6.677780705,ChEMBL
CHEMBL3781471,CCN1C(=O)c2cccc3c(S(=O)(=O)NC4CCCCC4)ccc1c23,6.886056648,ChEMBL
CHEMBL3781752,CCN1C(=O)c2cccc3c(S(=O)(=O)NC4CCCCCC4)ccc1c23,6.346787486,ChEMBL
CHEMBL3781093,CCN1C(=O)c2cccc3c(S(=O)(=O)NC4CCCN(C(=O)OC(C)(C)C)C4)ccc1c23,5.950781977,ChEMBL
CHEMBL3781084,CCN1C(=O)c2cccc3c(S(=O)(=O)NC4CCN(C(=O)OC(C)(C)C)C4)ccc1c23,5.387216143,ChEMBL
CHEMBL3234250,CCN1C(=O)c2cccc3c(S(=O)(=O)NC4CCN(C(=O)OC(C)(C)C)CC4)ccc1c23,5.772113295,ChEMBL
CHEMBL3234252,CCN1C(=O)c2cccc3c(S(=O)(=O)NC4CCN(C(C)=O)CC4)ccc1c23,5.122053048,ChEMBL
CHEMBL3781730,CCN1C(=O)c2cccc3c(S(=O)(=O)NC4CCOC4)ccc1c23,5.777283529,ChEMBL
CHEMBL3781898,CCN1C(=O)c2cccc3c(S(=O)(=O)NC4CCOCC4)ccc1c23,5.91721463,ChEMBL
CHEMBL3781556,CCN1C(=O)c2cccc3c(S(=O)(=O)NC4CN(C(=O)OC(C)(C)C)C4)ccc1c23,5.315154638,ChEMBL
CHEMBL3780015,CCN1C(=O)c2cccc3c(S(=O)(=O)NCC(C)C)ccc1c23,6.22184875,ChEMBL
CHEMBL3780462,CCN1C(=O)c2cccc3c(S(=O)(=O)NCC4(C(=O)O)CCCC4)ccc1c23,5.588380294,ChEMBL
CHEMBL3780650,CCN1C(=O)c2cccc3c(S(=O)(=O)NCC4(C)CC(C)=NO4)ccc1c23,5.229147988,ChEMBL
CHEMBL3234253,CCN1C(=O)c2cccc3c(S(=O)(=O)NCC4CCN(C(C)=O)CC4)ccc1c23,5.49757288,ChEMBL
CHEMBL3780992,CCN1C(=O)c2cccc3c(S(=O)(=O)NCCC4CCOCC4)ccc1c23,5.463441557,ChEMBL
CHEMBL3782048,CCN1C(=O)c2cccc3c(S(=O)(=O)NCCCCNC(=O)OC(C)(C)C)ccc1c23,5.935542011,ChEMBL
CHEMBL3780381,CCN1C(=O)c2cccc3c(S(=O)(=O)NCCCN4CCN(C)CC4)ccc1c23,5.379863945,ChEMBL
CHEMBL4159075,CCN1C(=O)c2cccc3c(S(=O)(=O)NCCO)ccc1c23,5.809668302,ChEMBL
CHEMBL3780233,CCN1C(=O)c2cccc3c(S(=O)(=O)NCc4ccccc4F)ccc1c23,4.8569852,ChEMBL
CHEMBL3780409,CCN1C(=O)c2cccc3c(S(=O)(=O)Nc4ccc(Cl)cc4)ccc1c23,5.48945499,ChEMBL
CHEMBL3780398,CCN1C(=O)c2cccc3c(S(=O)(=O)Nc4ccc(F)cc4)ccc1c23,5.815308569,ChEMBL
CHEMBL3234256,CCN1C(=O)c2cccc3c(S(=O)(=O)Nc4ccc(NC(C)=O)cc4)ccc1c23,5.327902142,ChEMBL
CHEMBL3780310,CCN1C(=O)c2cccc3c(S(=O)(=O)Nc4cccc(C(=O)O)c4)ccc1c23,5.187755303,ChEMBL
CHEMBL3780301,CCN1C(=O)c2cccc3c(S(=O)(=O)Nc4cccc(Cl)c4)ccc1c23,5.427128398,ChEMBL
CHEMBL3234285,CCN1C(=O)c2cccc3c(S(=O)(=O)Nc4cccc(S(N)(=O)=O)c4)ccc1c23,5.159266765,ChEMBL
CHEMBL1485571,CCN1C(=O)c2cccc3c(S(=O)(=O)Nc4ccccc4)ccc1c23,6,ChEMBL
CHEMBL3780508,CCN1C(=O)c2cccc3c(S(=O)(=O)Nc4ccccc4C(=O)O)ccc1c23,5.982966661,ChEMBL
CHEMBL3234254,CCN1C(=O)c2cccc3c(S(=O)(=O)Nc4ccccc4C(C)=O)ccc1c23,4.821023053,ChEMBL
CHEMBL4083742,CCN1C(=O)c2cccc3c(S(=O)(=O)Nc4ccccc4C)ccc1c23,5.014124643,ChEMBL
CHEMBL3781951,CCN1C(=O)c2cccc3c(S(=O)(=O)Nc4ccccc4Cl)ccc1c23,5.707743929,ChEMBL
CHEMBL4095826,CCNC(=O)CC1N=C(C2CCCCC2)c2cc(OC)ccc2-c2cn(C)c(=O)cc21,8.698970004,ChEMBL
CHEMBL2431091,CCNC(=O)C[C@@H]1N=C(c2ccc(Cl)cc2)c2c(sc(C)c2C)-c2c(C)noc21,7.443697499,ChEMBL
CHEMBL2431092,CCNC(=O)C[C@H]1N=C(c2ccc(Cl)cc2)c2c(sc(C)c2C)-c2c(C)noc21,5.677780705,ChEMBL
CHEMBL3906525,CCNC(=O)c1cccc(Nc2nn(CC3CC3)c3c2CN(C(C)=O)CC3)c1,5.113509275,ChEMBL
CHEMBL4227855,CCNC(=O)c1cn(C)c(=O)c2ccccc12,4.30980392,ChEMBL
CHEMBL3780093,CCNS(=O)(=O)c1ccc2c3c(cccc13)C(=O)N2CC,5.962573502,ChEMBL
CHEMBL4227469,CCNS(=O)(=O)c1cccc(-c2cn(C)c(=O)c3ccccc23)c1,6.148741651,ChEMBL
CHEMBL4088097,CCOC(=O)CC1N=C(c2ccc(Cl)cc2)c2cc(OC)ccc2-c2cn(C)c(=O)cc21,8.522878745,ChEMBL
CHEMBL4213407,CCOC(=O)c1ccccc1CN1CC(C2CC2)N(C(C)=O)c2ccccc21,4.900000142,ChEMBL
CHEMBL1708496,CCOC(=O)c1ncccc1NC(=O)CC(=O)Nc1cccnc1C(=O)OCC,5.542118103,ChEMBL
CHEMBL1828986,CCOc1cc(-c2c(C)noc2C)cc(C(C)O)c1,5.319379423,ChEMBL
CHEMBL2335150,CCOc1cc(-c2c(C)noc2C)cc(C(O)c2ccc(Cl)cc2)c1,5.585026652,ChEMBL
CHEMBL2335151,CCOc1cc(-c2c(C)noc2C)cc(C(O)c2ccc(F)cc2)c1,5.823908741,ChEMBL
CHEMBL2335148,CCOc1cc(-c2c(C)noc2C)cc(C(O)c2cccc(Cl)c2)c1,5.408935393,ChEMBL
CHEMBL2335149,CCOc1cc(-c2c(C)noc2C)cc(C(O)c2cccc(F)c2)c1,5.769551079,ChEMBL
CHEMBL2335152,CCOc1cc(-c2c(C)noc2C)cc(C(O)c2ccccc2)c1,6.193820026,ChEMBL
CHEMBL3906306,CCOc1cc(=O)n(C)cc1-c1cc(N(CC2CC2)S(=O)(=O)CC)ccc1Oc1ccc(F)cc1F,7.214670165,ChEMBL
CHEMBL3962469,CCOc1cc(=O)n(C)cc1-c1cc(NC(=O)CCc2ccccc2)ccc1Oc1ccc(F)cc1F,7.161150909,ChEMBL
CHEMBL3987016,CCS(=O)(=O)Nc1ccc(Oc2ccc(F)cc2F)c(-c2cn(C)c(=O)c3[nH]ccc23)c1,7.13076828,ChEMBL
CHEMBL4227788,CCS(=O)(=O)Nc1cccc(-c2cn(C)c(=O)c3ccccc23)c1,6.795880017,ChEMBL
CHEMBL3787680,CCS(=O)(=O)c1ccc(OC2CCCCC2)c(-c2cn(C)c(=O)c3[nH]c(-c4cnn(C5CCNCC5)c4)cc23)c1,8.522878745,ChEMBL
CHEMBL4099925,CCS(=O)(=O)c1ccc(Oc2ccc(F)cc2)c(-c2cn(C)c(=O)c3cncn23)c1,6.698970004,ChEMBL
CHEMBL4081878,CCS(=O)(=O)c1ccc(Oc2ccc(F)cc2F)c(-c2cn(C)c(=O)c3cncn23)c1,6.619788758,ChEMBL
CHEMBL4099005,CCS(=O)(=O)c1ccc(Oc2cccc(NCc3ccc(C#N)cc3)c2)c(-c2cn(C)c(=O)c3cncn23)c1,6.886056648,ChEMBL
CHEMBL4070340,CCS(=O)(=O)c1ccc(Oc2cccc(NCc3ccc(NC(C)=O)cc3)c2)c(-c2cn(C)c(=O)c3cncn23)c1,6.886056648,ChEMBL
CHEMBL4092764,CCS(=O)(=O)c1ccc(Oc2cccc(NS(=O)(=O)c3ccc(OC)cc3)c2)c(-c2cn(C)c(=O)c3cncn23)c1,6.698970004,ChEMBL
CHEMBL4074743,CCS(=O)(=O)c1ccc(Oc2cccc(NS(=O)(=O)c3ccccc3)c2)c(-c2cn(C)c(=O)c3cncn23)c1,6.677780705,ChEMBL
CHEMBL4066138,CCS(=O)(=O)c1ccc(Oc2cccc(NS(=O)(=O)c3ccccc3F)c2)c(-c2cn(C)c(=O)c3cncn23)c1,6.619788758,ChEMBL
CHEMBL4093710,CCS(=O)(=O)c1ccc(Oc2cccc(NS(=O)(=O)c3cccs3)c2)c(-c2cn(C)c(=O)c3cncn23)c1,6.408935393,ChEMBL
CHEMBL3786559,CCS(=O)(=O)c1ccc2c(c1)-c1cn(C)c(=O)cc1OCCCCc1cc(F)ccc1O2,8.698970004,ChEMBL
CHEMBL4226051,CCS(=O)(=O)c1cccc(-c2cn(C)c(=O)c3ccccc23)c1,6.040958608,ChEMBL
CHEMBL4163584,CC[C@@H]1C(=O)N(C)c2ccc(NS(=O)(=O)c3ccc(C)cc3)cc2N1C,5.832682665,ChEMBL
CHEMBL4207165,CC[C@@H]1C(=O)N(C)c2cnc(Nc3ccc(C(=O)NC4CCN(C)CC4)cc3OC)nc2N1C(C)C,6.730487056,ChEMBL
CHEMBL4215729,CC[C@@H]1C(=O)N(C)c2cnc(Nc3ccc(C(=O)NC4CCN(C)CC4)cc3OC)nc2N1C1CCCCC1,6.187086643,ChEMBL
CHEMBL4170835,CC[C@H]1C(=O)N(C)c2ccc(NS(=O)(=O)c3ccc(C)cc3)cc2N1C,5.869666232,ChEMBL
CHEMBL3609305,CC[C@H]1C(=O)N(C)c2cnc(Nc3ccc(C(=O)NC4CCN(C)CC4)cc3OC)nc2N1C1CCCC1,6.310691141,ChEMBL
CHEMBL3581662,CCc1[nH]nc(-c2ccccc2)c1-c1nccc2[nH]c3cc(-c4c(C)noc4C)c(OC)cc3c12,7.093664958,ChEMBL
CHEMBL3824289,CCc1cc(-c2cc(C)c(=O)n(C)c2)cc(OC)c1CN(C)C,4.717491176,ChEMBL
CHEMBL4214979,CCc1cc(-c2nn(C3CCOCC3)c3c2CN(C(C)=O)CC3)c2cnccc2c1,5.107905397,ChEMBL
CHEMBL3590407,CCc1cc2c(-c3cncc(C)c3)cnc(N[C@@H]3CCNC[C@H]3OCC3CCS(=O)(=O)CC3)c2[nH]c1=O,5,ChEMBL
CHEMBL3262777,CCc1cc2c(n1Cc1ccccc1)CCCC2=O,5.15490196,ChEMBL
CHEMBL4209747,CCc1ccc(-c2nn(C3CCOCC3)c3c2CN(C(C)=O)CC3)c2cnccc12,5.070581074,ChEMBL
CHEMBL4227410,CCc1ccc2c(=O)n(C)cc(-c3cccc(NS(C)(=O)=O)c3)c2c1,6.568636236,ChEMBL
CHEMBL4213692,CCc1cncc2c(-c3nn(C4CCOCC4)c4c3CN(C(C)=O)CC4)cccc12,4.823908741,ChEMBL
CHEMBL2103840,CCc1cnn2c(NCc3ccc[n+]([O-])c3)cc(N3CCCC[C@H]3CCO)nc12,4.721246399,ChEMBL
CHEMBL3581660,CCc1n[nH]c(CC)c1-c1nccc2[nH]c3cc(-c4c(C)noc4C)c(OC)cc3c12,6.882728704,ChEMBL
CHEMBL1698814,CCc1nnc(NC(=O)C2(C)COC(c3ccccc3)OC2)s1,4.159705668,ChEMBL
CHEMBL3581650,CCc1noc(C)c1-c1cc2[nH]c3ccnc(Cl)c3c2cc1OC,5.412513535,ChEMBL
CHEMBL4075291,CCc1noc(C[C@@H]2N=C(c3ccc(Cl)cc3)c3c(cn(C)c3C)-n3c(C)nnc32)n1,7.522878745,ChEMBL
CHEMBL3581651,CCc1onc(C)c1-c1cc2[nH]c3ccnc(Cl)c3c2cc1OC,5.02489001,ChEMBL
CHEMBL3774900,CCn1c(CSc2n[nH]c(N)n2)nc2c1c(=O)[nH]c(=O)n2Cc1ccc(Cl)cc1,4.578396073,ChEMBL
CHEMBL4085204,CCn1c2c(c(=O)[nH]c1=O)C(c1ccc(C)cc1)C1=C(CN(CCc3ccc(O)cc3)C1=O)N2,6.408935393,ChEMBL
CHEMBL4103140,CCn1c2c(c(=O)[nH]c1=O)C(c1ccc(C)cc1)C1=C(CN(CCc3ccc(OC)cc3)C1=O)N2,6.318758763,ChEMBL
CHEMBL4092949,CCn1c2c(c(=O)[nH]c1=O)C(c1ccc(C)cc1)C1=C(CN(CCc3ccccc3)C1=O)N2,6,ChEMBL
CHEMBL4065286,CCn1c2c(c(=O)[nH]c1=O)C(c1ccc(C)cc1)C1=C(CN(Cc3ccccc3)C1=O)N2,6.619788758,ChEMBL
CHEMBL4104179,CCn1c2c(c(=O)[nH]c1=O)C(c1ccc(C)cc1)C1=C(COC1=O)N2,6.022878745,ChEMBL
CHEMBL3769507,CCn1cc(-c2cccc(C(F)(F)F)c2)c2sc(C(=N)NC3CCS(=O)(=O)CC3)cc2c1=O,5.300000202,ChEMBL
CHEMBL4226431,CCn1cc(C(=O)OC)c2ccccc2c1=O,4.045757491,ChEMBL
CHEMBL4289645,CCn1cnc2c1c(=O)[nH]c(=O)n2Cc1ccc(CN)cc1.O=C(O)C(F)(F)F,4.600000075,ChEMBL
CHEMBL4290684,CCn1cnc2c1c(=O)[nH]c(=O)n2Cc1ccc(CNS(=O)(=O)CCN2CCOCC2)cc1,5.300000202,ChEMBL
CHEMBL4292615,CCn1cnc2c1c(=O)[nH]c(=O)n2Cc1ccc(CNS(=O)(=O)CCc2ccccc2)cc1,5.800000875,ChEMBL
CHEMBL4286686,CCn1cnc2c1c(=O)[nH]c(=O)n2Cc1ccc(CNS(=O)(=O)c2cc(-c3ccno3)ccc2C)cc1,5.899998417,ChEMBL
CHEMBL4284197,CCn1cnc2c1c(=O)[nH]c(=O)n2Cc1ccc(CNS(=O)(=O)c2ccc(-c3cc4ccccc4s3)cc2)cc1,6,ChEMBL
CHEMBL4292433,CCn1cnc2c1c(=O)[nH]c(=O)n2Cc1ccc(CNS(=O)(=O)c2ccc(-c3ccc(-c4cc(C)n[nH]4)s3)cc2)cc1,6.299997603,ChEMBL
CHEMBL4288560,CCn1cnc2c1c(=O)[nH]c(=O)n2Cc1ccc(CNS(=O)(=O)c2ccc(-c3ccccc3)cc2)cc1,6.399996913,ChEMBL
CHEMBL4289190,CCn1cnc2c1c(=O)[nH]c(=O)n2Cc1ccc(CNS(=O)(=O)c2ccc(C)cc2)cc1,6.199998172,ChEMBL
CHEMBL4278314,CCn1cnc2c1c(=O)[nH]c(=O)n2Cc1ccc(CNS(=O)(=O)c2ccc(C3COC(C)=N3)cc2)cc1,6.199998172,ChEMBL
CHEMBL4277865,CCn1cnc2c1c(=O)[nH]c(=O)n2Cc1ccc(CNS(=O)(=O)c2ccc(OC)cc2)cc1,6.099999035,ChEMBL
CHEMBL4286225,CCn1cnc2c1c(=O)[nH]c(=O)n2Cc1ccc(CNS(=O)(=O)c2ccc(OCc3ccccc3)cc2)cc1,6.199998172,ChEMBL
CHEMBL4285802,CCn1cnc2c1c(=O)[nH]c(=O)n2Cc1ccc(CNS(=O)(=O)c2ccc(Oc3ccccc3)cc2)cc1,6.499996932,ChEMBL
CHEMBL4282396,CCn1cnc2c1c(=O)[nH]c(=O)n2Cc1ccc(CNS(=O)(=O)c2ccc3c(c2)CCC(=O)N3)cc1,6.399996913,ChEMBL
CHEMBL4278778,CCn1cnc2c1c(=O)[nH]c(=O)n2Cc1ccc(CNS(=O)(=O)c2ccc3c(c2)CCCC(=O)N3)cc1,6.574105609,ChEMBL
CHEMBL4293000,CCn1cnc2c1c(=O)[nH]c(=O)n2Cc1ccc(CNS(=O)(=O)c2ccc3c(c2)n(C)c(=O)n3C)cc1,6.099999035,ChEMBL
CHEMBL4281327,CCn1cnc2c1c(=O)[nH]c(=O)n2Cc1ccc(CNS(=O)(=O)c2ccc3oncc3c2)cc1,5.700000504,ChEMBL
CHEMBL4282793,CCn1cnc2c1c(=O)[nH]c(=O)n2Cc1ccc(CNS(=O)(=O)c2cccc(-c3ccccc3)c2)cc1,6.299997603,ChEMBL
CHEMBL4284735,CCn1cnc2c1c(=O)[nH]c(=O)n2Cc1ccc(CNS(=O)(=O)c2cnn(-c3ccccc3)c2)cc1,6.299997603,ChEMBL
CHEMBL3775058,CCn1cnc2c1c(=O)[nH]c(=O)n2Cc1ccc(Cl)cc1,5.585026652,ChEMBL
CHEMBL1721265,CCn1cnc2c1c(=O)[nH]c(=O)n2Cc1ccccc1,4.900000142,ChEMBL
CHEMBL4174543,CCn1nc(C)cc1Nc1nc(C)nc2[nH]c3cc(-c4c(C)noc4C)c(OC)cc3c12,7.774690718,ChEMBL
CHEMBL4228445,CCn1nc(C2CC2)cc1Nc1nc(C(=O)NC)nc2[nH]c3cc(-c4c(C)noc4C)c(OC)cc3c12,8.15490196,ChEMBL
CHEMBL3910675,CCn1nc(Nc2cccc(C)c2)c2c1CCN(C(C)=O)C2,4.795880017,ChEMBL
CHEMBL4174139,CN(C)C(=O)CN1C(=O)c2cccc3c(S(=O)(=O)N4CCCC4)ccc1c23,4.727694156,ChEMBL
CHEMBL4104751,CN(C)C(=O)N1CCc2c(c(N3CCCc4cc(-c5cnn(C)c5)c(C(F)F)cc43)nn2C2CCOCC2)C1,4.823908741,ChEMBL
CHEMBL4227679,CN(C)S(=O)(=O)Nc1cccc(-c2cn(C)c(=O)c3ccccc23)c1,6.602059991,ChEMBL
CHEMBL3769944,CN(C)c1cccc(-c2cn(C)c(=O)c3cc(C(=N)NC4CCS(=O)(=O)CC4)sc23)c1,6.299997603,ChEMBL
CHEMBL3398340,CN(C)c1ccccc1C(=O)Nc1ncnc2[nH]cnc12,5.251811973,ChEMBL
CHEMBL4102176,CN(CCCNc1cc(=O)oc2ccccc12)C(=O)C(C)(C)C,5.341035157,ChEMBL
CHEMBL4099702,CN(CCCNc1cc(=O)oc2ccccc12)C(=O)c1cccc(Cl)c1,5.437707136,ChEMBL
CHEMBL4072815,CN(CCCNc1cc(=O)oc2ccccc12)C(=O)c1cccc(F)c1,5.087246696,ChEMBL
CHEMBL4084203,CN(CCCNc1cc(=O)oc2ccccc12)C(=O)c1ccco1,5.688246139,ChEMBL
CHEMBL4082235,CN(CCCNc1cc(=O)oc2ccccc12)C(=O)c1cccs1,6.091514981,ChEMBL
CHEMBL4227946,CN(c1cccc(-c2cn(C)c(=O)c3ccccc23)c1)S(C)(=O)=O,6.337242168,ChEMBL
CHEMBL1620811,CN1C(=O)CC(c2ccccc2)Nc2ccccc21,5.124938737,ChEMBL
CHEMBL4205459,CN1CCC(NC(=O)c2ccc(Nc3ncc4c(n3)N(C3CCCC3)CC(=O)N4C)c(OC3CCCC3)c2)CC1,6.161150909,ChEMBL
CHEMBL12543,CN1CCCC1=O,2.22184875,ChEMBL
CHEMBL4067751,CN1CCc2c(sc3nc(-c4ccc(O)cc4)[nH]c(=O)c23)C1,6.142667504,ChEMBL
CHEMBL4077019,CN1CCc2c(sc3nc(-c4cccc(Br)c4)[nH]c(=O)c23)C1,5.982966661,ChEMBL
CHEMBL3770367,CNC(=N)c1cc2c(=O)n(C)cc(-c3ccc(OC)c(OC)c3)c2s1,5.899998417,ChEMBL
CHEMBL4076254,CNC(=O)N1CCOc2ccc(N3CCCc4cc(-c5cnn(C)c5)c(C(F)F)cc43)cc2C1,5.13076828,ChEMBL
CHEMBL4217213,CNC(=O)N1CCc2c(c(-c3cccc4cc(-c5cnn(C)c5)c(C(F)F)cc34)nn2C2CCOCC2)C1,5.292429824,ChEMBL
CHEMBL4097025,CNC(=O)N1CCc2c(c(N3CCCc4cc(-c5cnn(C)c5)c(C(F)F)cc43)nn2C2CCOCC2)C1,5.292429824,ChEMBL
CHEMBL4103582,CNC(=O)N1N=C(c2ccc(N3CC4(CCS4(=O)=O)C3)cc2)c2cc(-n3nc(C)cc3C)ccc2C[C@@H]1C,8,ChEMBL
CHEMBL4087197,CNC(=O)N1N=C(c2ccc(N3CC4(CCS4(=O)=O)C3)cc2)c2cc(OC(F)(F)F)ccc2C[C@@H]1C,8,ChEMBL
CHEMBL3786971,CNC(=O)N1N=C(c2ccc(N3CC4(CCS4(=O)=O)C3)cc2)c2cc(OC)c(OC)cc2CC1C,7.698970004,ChEMBL
CHEMBL4079312,CNC(=O)N1N=C(c2ccc(N3C[C@@H]4CC[C@H](C3)O4)cc2)c2cc(OC)c(OC)cc2C[C@@H]1C,8,ChEMBL
CHEMBL3134571,CNC(=O)[C@H](CCCCNC(C)=O)NC,2.15490196,ChEMBL
CHEMBL4061254,CNC(=O)c1c[nH]c2c(C(C)C)nc(N3CCCc4cc(-c5cnn(C)c5)c(C(F)F)cc43)cc12,5.638272164,ChEMBL
CHEMBL4065346,CNC(=O)c1c[nH]c2ccc(N3CCCc4cc(-c5cnn(C)c5)c(C(F)F)cc43)cc12,4.920818754,ChEMBL
CHEMBL4073812,CNC(=O)c1c[nH]c2cnc(N3CCCc4cc(-c5cnn(C)c5)c(C(F)F)cc43)cc12,5.408935393,ChEMBL
CHEMBL3770039,CNC(=O)c1cc2c(=O)n(C)cc(-c3ccc(OC)c(OC)c3)c2s1,6.699991797,ChEMBL
CHEMBL4208820,CNC(=O)c1ccc(-c2cc3cccc(-c4nn(C5CCOCC5)c5c4CN(C(C)=O)CC5)c3cn2)cn1,5.494850022,ChEMBL
CHEMBL4203897,CNC(=O)c1cccc(-c2ccc3c(c2)N(C(=O)c2ccco2)C[C@H](C)N3C(C)=O)c1,6.102372909,ChEMBL
CHEMBL3915504,CNC(=O)c1cccc(Nc2nn(CC3CC3)c3c2CN(C(C)=O)CC3)c1,4.920818754,ChEMBL
CHEMBL4227233,CNC(=O)c1cn(C)c(=O)c2ccccc12,4.823908741,ChEMBL
CHEMBL4228904,CNC(=O)c1ncc2c(n1)[nH]c1cc(-c3c(C)noc3C)c(OC)cc12,6.315154638,ChEMBL
CHEMBL1513201,CNS(=O)(=O)c1cc(-c2nn3c(C)nnc3c3ccccc23)ccc1C,5.700000504,ChEMBL
CHEMBL3410009,CNc1cc(-c2csc(=O)[nH]2)cc(S(=O)(=O)NC2CCCC2)c1C,6.602059991,ChEMBL
CHEMBL1362741,COC(=O)C(CC(C)C)NC(=O)c1cc(OC)c(OC)c(OC)c1,5.070581074,ChEMBL
CHEMBL4292721,COC(=O)C(CCSC)NC(=O)c1cc(OC)c(OC)c(OC)c1,5.677780705,ChEMBL
CHEMBL4070621,COC(=O)C(O)(c1cc(C)c2cccnc2c1O)C(F)(F)F,5.677780705,ChEMBL
CHEMBL4163734,COC(=O)CN1C(=O)[C@@H](CC2CC2)Oc2cc(-c3c(C)noc3C)ccc21,6.443697499,ChEMBL
CHEMBL4209209,COC(=O)N1c2ccc(-c3ccc(S(C)(=O)=O)cc3)cc2N(C(=O)c2ccco2)C[C@@H]1C,6.187086643,ChEMBL
CHEMBL2431093,COC(=O)NC[C@@H]1N=C(c2ccc(Cl)cc2)c2c(sc(C)c2C)-c2c(C)noc21,7.065501549,ChEMBL
CHEMBL3589476,COC(=O)c1ccc(/C=C(/C(=O)N2CC(=O)Nc3ccccc32)c2ccccc2)cc1,4.602059991,ChEMBL
CHEMBL3220874,COC(=O)c1ccc(Cn2cnc3ccc(-c4c(C)noc4C)cc32)cc1,5.899998417,ChEMBL
CHEMBL4212346,COC(=O)c1ccc(Nc2ncc3c(n2)N(C2CCCC2)[C@H](C)C(=O)N3C)c(OC2CCCC2)c1,6.596879479,ChEMBL
CHEMBL4174764,COC(=O)c1ccc2c(c1)N(c1ccc(Cl)cc1)CCn1nnc(C)c1-2,7.537602002,ChEMBL
CHEMBL3907779,COC(=O)c1cccc(Nc2n[nH]c3c2CN(C(C)=O)CC3)c1,4.744727495,ChEMBL
CHEMBL4285959,COC(=O)c1ccccc1S(=O)(=O)Nc1ccc2c(c1)OC(C)(C)C(=O)N2,5.030584088,ChEMBL
CHEMBL4225096,COC(=O)c1cn(C)c(=O)c2ccccc12,4.522878745,ChEMBL
CHEMBL3409997,COCC(=O)Nc1ccc(-c2csc(=O)[nH]2)cc1S(=O)(=O)NC1CCCC1,6.397940009,ChEMBL
CHEMBL3586716,COCCCN1CCC(Nc2nccc3cc(C)c(=O)[nH]c23)CC1,5.400000186,ChEMBL
CHEMBL3586715,COCCN1CCC(Nc2nccc3cc(C)c(=O)[nH]c23)CC1,5.100000128,ChEMBL
CHEMBL4165856,COCCN1c2cc(NS(=O)(=O)c3ccc(C)cc3)ccc2N(C)C(=O)C1C,6.113509275,ChEMBL
CHEMBL2335144,COCCOc1cc(-c2c(C)noc2C)cc(C(O)c2ccccc2)c1,5.860120914,ChEMBL
CHEMBL4080729,COC[C@@H](C)n1c(-c2cn3c(C)nnc3c(NC(C)C)n2)nc2cc3c(cc21)N(C(C)C)S(=O)(=O)C3(C)C,7.769551079,ChEMBL
CHEMBL1719168,COCc1nnc(NC(=O)c2cc(OC)c(OC)c(OC)c2)s1,4.958607315,ChEMBL
CHEMBL3590399,CO[C@@H]1CNCC[C@H]1Nc1nccc2cc(C)c(=O)[nH]c12,5.25000022,ChEMBL
CHEMBL4238181,CO[C@H]1CNC[C@@H](OC)[C@@H]1Nc1nccc2cc(C)c(=O)[nH]c12,4.600000075,ChEMBL
CHEMBL4206758,CO[C@H]1CNC[C@@H](OCC2CCC(F)(F)CC2)[C@@H]1Nc1ncc(-c2cncc(C)c2)c2cc(C)c(=O)[nH]c12,4.600000075,ChEMBL
CHEMBL4246358,CO[C@H]1CNC[C@@H](OCC2CCOCC2)[C@@H]1Nc1ncc(-c2cncc(C)c2)c2cc(C)c(=O)[nH]c12,4.499999953,ChEMBL
CHEMBL4250812,CO[C@H]1CNC[C@@H](OCC2CCS(=O)(=O)CC2)[C@@H]1Nc1ncc(-c2cncc(C)c2)c2cc(C)c(=O)[nH]c12,3.799999998,ChEMBL
CHEMBL2331593,COc1cc(-c2c(C)noc2C)cc(C(O)c2ccccc2)c1,5.866461092,ChEMBL
CHEMBL3823906,COc1cc(-c2cc(C)c(=O)n(C)c2)c(OC)cc1CN(C)C,5.422738046,ChEMBL
CHEMBL3822501,COc1cc(-c2cc(C)c(=O)n(C)c2)cc(C)c1CN(C)C,4.489053051,ChEMBL
CHEMBL3822990,COc1cc(-c2cc(C)c(=O)n(C)c2)cc(OC)c1CN(C)C,5.232028279,ChEMBL
CHEMBL3823177,COc1cc(-c2cc(C)c(=O)n(C)c2)cc(OC)c1CN1CC(N)C1,5.940436582,ChEMBL
CHEMBL3823369,COc1cc(-c2cc(C)c(=O)n(C)c2)cc(OC)c1CN1CC(O)C1,5.950394387,ChEMBL
CHEMBL3822988,COc1cc(-c2cc(C)c(=O)n(C)c2)ccc1CN(C)C,4.089909454,ChEMBL
CHEMBL3824351,COc1cc(-c2cc(C)c(=O)n(C)c2C)c(OC)cc1CN(C)C,4.208190094,ChEMBL
CHEMBL3823697,COc1cc(-c2cc(C)c(=O)n(C)c2C)cc(OC)c1CN(C)C,4.513541183,ChEMBL
CHEMBL3823551,COc1cc(-c2cn(C)c(=O)c(C)c2C)c(OC)cc1CN(C)C,4.356567065,ChEMBL
CHEMBL3823599,COc1cc(-c2cn(C)c(=O)c(C)c2C)cc(OC)c1CN(C)C,4.638177762,ChEMBL
CHEMBL3824133,COc1cc(-c2cn(C)c(=O)c3ccccc23)c(OC)cc1CN(C)C,4.327025199,ChEMBL
CHEMBL3824146,COc1cc(-c2cn(C)c(=O)c3ccccc23)cc(OC)c1CN(C)C,4.627529877,ChEMBL
CHEMBL3822909,COc1cc(-c2cn(C)c(=O)c3ncccc23)cc(OC)c1CN(C)C,4.324597476,ChEMBL
CHEMBL4218757,COc1cc(-c2nc(C)nc3[nH]c4cc(-c5c(C)noc5C)c(OC)cc4c23)c2ccccc2n1,7.136082623,ChEMBL
CHEMBL4215815,COc1cc(-c2nn(C3CCOCC3)c3c2CN(C(C)=O)CC3)c2cnccc2c1,5.050609993,ChEMBL
CHEMBL4282851,COc1cc(/C=C2\SC(=O)N=C2N)ccc1O,4.657577319,ChEMBL
CHEMBL3752151,COc1cc(C#N)ccc1S(=O)(=O)Nc1ccc2c(c1)cc(C)c(=O)n2C,5.431798276,ChEMBL
CHEMBL3589483,COc1cc(C(=O)N2CC(=O)Nc3ccccc32)cc(-c2ccccc2)c1,4.886056648,ChEMBL
CHEMBL3917283,COc1cc(C(=O)N2CCC(=O)Nc3ccccc32)cc(-c2ccccc2)c1,5.562249437,ChEMBL
CHEMBL4202678,COc1cc(C(=O)N2CCCCC2)ccc1Nc1ncc2c(n1)N(C1CCCC1)[C@H](C)C(=O)N2C,7.026872146,ChEMBL
CHEMBL3923050,COc1cc(C(=O)N2c3ccccc3NC(=O)C2C)cc(-c2ccccc2)c1,5.204119983,ChEMBL
CHEMBL4216442,COc1cc(C(=O)NC2=CCN(C)C=C2)ccc1Nc1ncc2c(n1)N(C1CCCC1)[C@H](C)C(=O)N2C,7.022276395,ChEMBL
CHEMBL4210414,COc1cc(C(=O)NC2CCCCC2)ccc1Nc1ncc2c(n1)N(C1CCCC1)[C@H](C)C(=O)N2C,6.970616222,ChEMBL
CHEMBL4206052,COc1cc(C(=O)NC2CCN(C)CC2)ccc1Nc1ncc2c(n1)N(C(C)C)[C@H](C)C(=O)N2C,6.375717904,ChEMBL
CHEMBL4212237,COc1cc(C(=O)NC2CCN(C)CC2)ccc1Nc1ncc2c(n1)N(C(C)C)[C@H](CC(C)C)C(=O)N2C,4.377785977,ChEMBL
CHEMBL3609304,COc1cc(C(=O)NC2CCN(C)CC2)ccc1Nc1ncc2c(n1)N(C1CCCC1)CC(=O)N2C,5.178290003,ChEMBL
CHEMBL4216875,COc1cc(C(=O)NC2CCN(C)CC2)ccc1Nc1ncc2c(n1)N(C1CCCC1)[C@@H](C)C(=O)N2C,6.970616222,ChEMBL
CHEMBL4209902,COc1cc(C(=O)NC2CCN(C)CC2)ccc1Nc1ncc2c(n1)N(C1CCCC1)[C@H](C)C(=O)N2C,7.075720714,ChEMBL
CHEMBL4215910,COc1cc(C(=O)NC2CCN(C)CC2)ccc1Nc1ncc2c(n1)N(C1CCCC1)[C@H](CC(C)C)C(=O)N2C,4.725842151,ChEMBL
CHEMBL4202820,COc1cc(C(=O)NC2CCN(C)CC2)ccc1Nc1ncc2c(n1)N(C1CCCCC1)[C@H](C)C(=O)N2C,6.508638306,ChEMBL
CHEMBL4213276,COc1cc(C(=O)NC2CCNCC2)ccc1Nc1ncc2c(n1)N(C1CCCC1)[C@H](C)C(=O)N2C,6.962573502,ChEMBL
CHEMBL4210571,COc1cc(C(=O)NCCN(C)C)ccc1Nc1ncc2c(n1)N(C1CCCC1)[C@H](C)C(=O)N2C,6.982966661,ChEMBL
CHEMBL1313432,COc1cc(C(=O)NCCOc2ccccc2)cc(OC)c1OC,5.180456064,ChEMBL
CHEMBL4203571,COc1cc(C(=O)NCCc2ccccc2)ccc1Nc1ncc2c(n1)N(C1CCCC1)[C@H](C)C(=O)N2C,6.73754891,ChEMBL
CHEMBL4288487,COc1cc(C(=O)NCCc2cccs2)cc(OC)c1OC,5.193820026,ChEMBL
CHEMBL3925335,COc1cc(C(=O)Nc2c(C)noc2C)cc(-c2ccccc2)c1,5.084072788,ChEMBL
CHEMBL4290512,COc1cc(C(=O)Nc2ccnn2C2CCCC2)cc(OC)c1OC,5.696803943,ChEMBL
CHEMBL225354,COc1cc(C(=O)Nc2nccs2)cc(OC)c1OC,5.366531544,ChEMBL
CHEMBL3398341,COc1cc(OC)c(C(=O)Nc2ncnc3[nH]cnc23)cc1OC,6.369572125,ChEMBL
CHEMBL3398325,COc1cc(OC)cc(C(=O)Nc2ncnc3[nH]cnc23)c1,4.747146969,ChEMBL
CHEMBL3581653,COc1cc2c(cc1-c1c(C)n[nH]c1C)[nH]c1ccnc(Cl)c12,5.312114475,ChEMBL
CHEMBL3581654,COc1cc2c(cc1-c1c(C)nn(C)c1C)[nH]c1ccnc(Cl)c12,4.853190037,ChEMBL
CHEMBL3581656,COc1cc2c(cc1-c1c(C)noc1C)[nH]c1ccnc(-c3c(C)n[nH]c3C)c12,6.559090918,ChEMBL
CHEMBL3581659,COc1cc2c(cc1-c1c(C)noc1C)[nH]c1ccnc(-c3c(C)nn(-c4ccccc4)c3C)c12,6.521433504,ChEMBL
CHEMBL3581658,COc1cc2c(cc1-c1c(C)noc1C)[nH]c1ccnc(-c3c(C)nn(C)c3C)c12,6.485452247,ChEMBL
CHEMBL3581655,COc1cc2c(cc1-c1c(C)noc1C)[nH]c1ccnc(-c3c(C)noc3C)c12,6.872895202,ChEMBL
CHEMBL3581661,COc1cc2c(cc1-c1c(C)noc1C)[nH]c1ccnc(-c3c(C4CC4)n[nH]c3C)c12,7.122053048,ChEMBL
CHEMBL3581657,COc1cc2c(cc1-c1c(C)noc1C)[nH]c1ccnc(-c3cn[nH]c3)c12,6.153662888,ChEMBL
CHEMBL3581649,COc1cc2c(cc1-c1c(C)noc1C)[nH]c1ccnc(Cl)c12,6.064492734,ChEMBL
CHEMBL3581648,COc1cc2c(cc1-c1c(C)noc1C)[nH]c1ccncc12,5.337998121,ChEMBL
CHEMBL4164015,COc1cc2c(cc1-c1c(C)noc1C)[nH]c1nc(C)nc(-c3c(C)[nH]c4ccccc34)c12,8.214670165,ChEMBL
CHEMBL4207024,COc1cc2c(cc1-c1c(C)noc1C)[nH]c1nc(C)nc(-c3cc(C(F)(F)F)nc4ccccc34)c12,6.40560745,ChEMBL
CHEMBL4203276,COc1cc2c(cc1-c1c(C)noc1C)[nH]c1nc(C)nc(-c3cc(C)nc4ccccc34)c12,7.705533774,ChEMBL
CHEMBL4205577,COc1cc2c(cc1-c1c(C)noc1C)[nH]c1nc(C)nc(-c3cccc4cccnc34)c12,6.385102784,ChEMBL
CHEMBL4210448,COc1cc2c(cc1-c1c(C)noc1C)[nH]c1nc(C)nc(-c3cccc4ccncc34)c12,6.500312917,ChEMBL
CHEMBL4209937,COc1cc2c(cc1-c1c(C)noc1C)[nH]c1nc(C)nc(-c3cccc4cnccc34)c12,6.345823458,ChEMBL
CHEMBL4213494,COc1cc2c(cc1-c1c(C)noc1C)[nH]c1nc(C)nc(-c3cccc4ncc(C)cc34)c12,7.027797162,ChEMBL
CHEMBL4208561,COc1cc2c(cc1-c1c(C)noc1C)[nH]c1nc(C)nc(-c3cccc4ncccc34)c12,7.510041521,ChEMBL
CHEMBL4171228,COc1cc2c(cc1-c1c(C)noc1C)[nH]c1nc(C)nc(-c3ccnc4ccccc34)c12,7.549750892,ChEMBL
CHEMBL4202675,COc1cc2c(cc1-c1c(C)noc1C)[nH]c1nc(C)nc(-c3cnc4ccccc4c3)c12,6.401209493,ChEMBL
CHEMBL4210754,COc1cc2c(cc1-c1c(C)noc1C)[nH]c1nc(C)nc(-c3cncc4ccccc34)c12,7.448550002,ChEMBL
CHEMBL4164563,COc1cc2c(cc1-c1c(C)noc1C)[nH]c1nc(C)nc(Nc3c(C)c(C4CC4)nn3C)c12,7.286509457,ChEMBL
CHEMBL4172447,COc1cc2c(cc1-c1c(C)noc1C)[nH]c1nc(C)nc(Nc3c4c(nn3C)CCC4)c12,8.259637311,ChEMBL
CHEMBL4161145,COc1cc2c(cc1-c1c(C)noc1C)[nH]c1nc(C)nc(Nc3c4c(nn3C)CCCC4)c12,8.30980392,ChEMBL
CHEMBL4170044,COc1cc2c(cc1-c1c(C)noc1C)[nH]c1nc(C)nc(Nc3cc(C(C)(C)C(F)(F)F)nn3C)c12,7.860120914,ChEMBL
CHEMBL4162784,COc1cc2c(cc1-c1c(C)noc1C)[nH]c1nc(C)nc(Nc3cc(C(C)(C)C)nn3C)c12,7.978810701,ChEMBL
CHEMBL4176849,COc1cc2c(cc1-c1c(C)noc1C)[nH]c1nc(C)nc(Nc3cc(C(C)C)nn3C)c12,8.214670165,ChEMBL
CHEMBL4166235,COc1cc2c(cc1-c1c(C)noc1C)[nH]c1nc(C)nc(Nc3cc(C(F)(F)F)nn3C)c12,7.801342913,ChEMBL
CHEMBL4175855,COc1cc2c(cc1-c1c(C)noc1C)[nH]c1nc(C)nc(Nc3cc(C)n(C)n3)c12,7.603800653,ChEMBL
CHEMBL4171109,COc1cc2c(cc1-c1c(C)noc1C)[nH]c1nc(C)nc(Nc3cc(C)nn3C(C)(C)C)c12,8.356547324,ChEMBL
CHEMBL4166630,COc1cc2c(cc1-c1c(C)noc1C)[nH]c1nc(C)nc(Nc3cc(C)nn3C(C)C)c12,8.214670165,ChEMBL
CHEMBL4172277,COc1cc2c(cc1-c1c(C)noc1C)[nH]c1nc(C)nc(Nc3cc(C)nn3C)c12,8.026872146,ChEMBL
CHEMBL4163185,COc1cc2c(cc1-c1c(C)noc1C)[nH]c1nc(C)nc(Nc3cc(C)nn3C3CCC3)c12,7.844663963,ChEMBL
CHEMBL4167996,COc1cc2c(cc1-c1c(C)noc1C)[nH]c1nc(C)nc(Nc3cc(C)nn3C3CCCC3)c12,8.397940009,ChEMBL
CHEMBL4173488,COc1cc2c(cc1-c1c(C)noc1C)[nH]c1nc(C)nc(Nc3cc(C4CC4)nn3C)c12,8.698970004,ChEMBL
CHEMBL4159422,COc1cc2c(cc1-c1c(C)noc1C)[nH]c1nc(C)nc(Nc3cc(C4CCC4)nn3C)c12,7.89279003,ChEMBL
CHEMBL4168913,COc1cc2c(cc1-c1c(C)noc1C)[nH]c1nc(C)nc(Nc3n[nH]c4ccccc34)c12,7.928117993,ChEMBL
CHEMBL4165491,COc1cc2c(cc1-c1c(C)noc1C)[nH]c1nc(C)nc(Nc3nn(C)c4c(F)cccc34)c12,7.021363052,ChEMBL
CHEMBL4169068,COc1cc2c(cc1-c1c(C)noc1C)[nH]c1nc(C)nc(Nc3nn(C)c4c3CCCC4)c12,8.301029996,ChEMBL
CHEMBL4176107,COc1cc2c(cc1-c1c(C)noc1C)[nH]c1nc(C)nc(Nc3nn(C)c4cc(F)ccc34)c12,7.057495894,ChEMBL
CHEMBL4162046,COc1cc2c(cc1-c1c(C)noc1C)[nH]c1nc(C)nc(Nc3nn(C)c4ccc(F)cc34)c12,7.263603498,ChEMBL
CHEMBL4160989,COc1cc2c(cc1-c1c(C)noc1C)[nH]c1nc(C)nc(Nc3nn(C)c4cccc(F)c34)c12,7.167491087,ChEMBL
CHEMBL4174669,COc1cc2c(cc1-c1c(C)noc1C)[nH]c1nc(C)nc(Nc3nn(C)c4ccccc34)c12,8.040958608,ChEMBL
CHEMBL4169335,COc1cc2c(cc1-c1c(C)noc1C)[nH]c1nc(C)nc(Nc3nn(C)c4cccnc34)c12,6.641113796,ChEMBL
CHEMBL4169373,COc1cc2c(cc1-c1c(C)noc1C)[nH]c1nc(C)nc(Nc3nn(C)c4ccncc34)c12,6.641874715,ChEMBL
CHEMBL4177214,COc1cc2c(cc1-c1c(C)noc1C)[nH]c1nc(C)nc(Nc3nn(C)c4ncccc34)c12,7.681936665,ChEMBL
CHEMBL4164393,COc1cc2c(cc1-c1c(C)noc1C)[nH]c1nc(C)nc(Nc3nn(CCO)c4ccccc34)c12,8.008773924,ChEMBL
CHEMBL4214978,COc1cc2c(cc1-c1c(C)noc1C)[nH]c1ncnc(-c3c(C)[nH]c4ccc(F)cc34)c12,8.638272164,ChEMBL
CHEMBL4208405,COc1cc2c(cc1-c1c(C)noc1C)[nH]c1ncnc(-c3c(C)[nH]c4ccccc34)c12,8.958607315,ChEMBL
CHEMBL4210062,COc1cc2c(cc1-c1c(C)noc1C)[nH]c1ncnc(-c3c(C)[nH]c4cnccc34)c12,7.586700236,ChEMBL
CHEMBL4210981,COc1cc2c(cc1-c1c(C)noc1C)[nH]c1ncnc(-c3c(C)n[nH]c3C)c12,7.286509457,ChEMBL
CHEMBL4203725,COc1cc2c(cc1-c1c(C)noc1C)[nH]c1ncnc(-c3c(C)nn(C)c3C)c12,7.388276692,ChEMBL
CHEMBL4215941,COc1cc2c(cc1-c1c(C)noc1C)[nH]c1ncnc(-c3c(C)noc3C)c12,6.991399828,ChEMBL
CHEMBL4207609,COc1cc2c(cc1-c1c(C)noc1C)[nH]c1ncnc(-c3c(C)oc4ccccc34)c12,7.913640169,ChEMBL
CHEMBL4215403,COc1cc2c(cc1-c1c(C)noc1C)[nH]c1ncnc(-c3c(C4CC4)n[nH]c3C)c12,7.617982957,ChEMBL
CHEMBL4211497,COc1cc2c(cc1-c1c(C)noc1C)[nH]c1ncnc(-c3c[nH]c4ccc(F)cc34)c12,8.657577319,ChEMBL
CHEMBL4209113,COc1cc2c(cc1-c1c(C)noc1C)[nH]c1ncnc(-c3c[nH]c4ccccc34)c12,8.259637311,ChEMBL
CHEMBL4218866,COc1cc2c(cc1-c1c(C)noc1C)[nH]c1ncnc(-c3c[nH]c4cnccc34)c12,7.643974143,ChEMBL
CHEMBL4207729,COc1cc2c(cc1-c1c(C)noc1C)[nH]c1ncnc(-c3cc[nH]c3)c12,6.782516056,ChEMBL
CHEMBL4217058,COc1cc2c(cc1-c1c(C)noc1C)[nH]c1ncnc(-c3ccoc3)c12,6.809668302,ChEMBL
CHEMBL4212082,COc1cc2c(cc1-c1c(C)noc1C)[nH]c1ncnc(-c3cn[nH]c3)c12,6.40560745,ChEMBL
CHEMBL4211972,COc1cc2c(cc1-c1c(C)noc1C)[nH]c1ncnc(-c3cnn4ccccc34)c12,7.576754126,ChEMBL
CHEMBL4204846,COc1cc2c(cc1-c1c(C)noc1C)[nH]c1ncnc(-c3cnoc3)c12,5.68613278,ChEMBL
CHEMBL4216942,COc1cc2c(cc1-c1c(C)noc1C)[nH]c1ncnc(-c3nn(C)c4ccccc34)c12,7.125518182,ChEMBL
CHEMBL4212636,COc1cc2c(cc1-c1c(C)noc1C)[nH]c1ncnc(-n3ccnc3)c12,5.836838625,ChEMBL
CHEMBL4212515,COc1cc2c(cc1-c1c(C)noc1C)[nH]c1ncnc(-n3cnc4ccccc43)c12,8.026872146,ChEMBL
CHEMBL4209208,COc1cc2c(cc1-c1c(C)noc1C)[nH]c1ncnc(Cl)c12,5.948847478,ChEMBL
CHEMBL4216530,COc1cc2c(cc1-c1c(C)noc1C)[nH]c1ncnc(N[C@H](C)c3ccccn3)c12,7.406713933,ChEMBL
CHEMBL4072979,COc1cc2c(cc1-c1cnn(C)c1)CCCN2c1nn([C@H]2CCOC2)c2c1CN(C(C)=O)CC2,5.657577319,ChEMBL
CHEMBL3356145,COc1cc2c(cc1NC(=O)c1ccccc1OC)n(C)c(=O)n2C,5,ChEMBL
CHEMBL4283230,COc1cc2c(cc1NS(=O)(=O)c1cc(Br)ccc1OC)OC(C)(C)C(=O)N2,6.161150909,ChEMBL
CHEMBL4096095,COc1cc2c(cc1NS(=O)(=O)c1ccc(C#N)cc1)c(C)cc(=O)n2C,4.769551079,ChEMBL
CHEMBL4103077,COc1cc2c(cc1NS(=O)(=O)c1ccc(C#N)cc1OC)cc(C)c(=O)n2C,5.769551079,ChEMBL
CHEMBL3621272,COc1ccc(-c2c(C)n[nH]c2C)cc1S(=O)(=O)NC1CCCC1,5.539102157,ChEMBL
CHEMBL2181722,COc1ccc(-c2c(C)noc2C)cc1S(=O)(=O)NC1CCCC1,5.920818754,ChEMBL
CHEMBL4087267,COc1ccc(-c2ccc3nnc(C)n3n2)cc1OC,4.619788758,ChEMBL
CHEMBL3814246,COc1ccc(-c2cccc3c2N[C@H](C)CC(=O)N3)cc1OC,4.920818754,ChEMBL
CHEMBL3621275,COc1ccc(-c2ccnn2C)cc1S(=O)(=O)NC1CCCC1,4.994819487,ChEMBL
CHEMBL3770188,COc1ccc(-c2cn(C)c(=O)c3cc(C(=N)NC4CCS(=O)(=O)CC4)sc23)cc1OC,6.399996913,ChEMBL
CHEMBL3771308,COc1ccc(-c2cn(C)c(=O)c3cc(C(=O)N(C)C)sc23)cc1OC,4.900000142,ChEMBL
CHEMBL3771218,COc1ccc(-c2cn(C)c(=O)c3cc(C(=O)N4CCCCC4)sc23)cc1OC,4.800000053,ChEMBL
CHEMBL3769979,COc1ccc(-c2cn(C)c(=O)c3cc(C(=O)N4CCN(S(C)(=O)=O)CC4)sc23)cc1OC,4.700000069,ChEMBL
CHEMBL3769688,COc1ccc(-c2cn(C)c(=O)c3cc(C(=O)NC4CCS(=O)(=O)CC4)sc23)cc1OC,7.299988938,ChEMBL
CHEMBL3585454,COc1ccc(-c2cnc(NC3CCNCC3)c3[nH]c(=O)c(C)cc23)cn1,5.899998417,ChEMBL
CHEMBL3621258,COc1ccc(-c2cnn(C)n2)cc1S(=O)(=O)NC1CCCC1,5.397940009,ChEMBL
CHEMBL3409993,COc1ccc(-c2csc(=O)[nH]2)cc1S(=O)(=O)NC1CCCC1,6.119186408,ChEMBL
CHEMBL4217552,COc1ccc(-c2nn(C3CCOCC3)c3c2CN(C(C)=O)CC3)c2cnccc12,4.958607315,ChEMBL
CHEMBL3589475,COc1ccc(/C(=C\c2ccncc2)C(=O)N2CC(=O)Nc3ccccc32)cc1,4.602059991,ChEMBL
CHEMBL3589471,COc1ccc(/C=C(/C(=O)N2CC(=O)Nc3cc(OC)ccc32)c2ccc(OC)cc2)cc1,4.886056648,ChEMBL
CHEMBL3589477,COc1ccc(/C=C(/C(=O)N2CC(=O)Nc3cc(OC)ccc32)c2ccccc2)cc1,4.468521083,ChEMBL
CHEMBL3589472,COc1ccc(/C=C(/C(=O)N2CC(=O)Nc3ccccc32)c2ccc(C)c(C)c2)cc1,4.853871964,ChEMBL
CHEMBL3589470,COc1ccc(/C=C(/C(=O)N2CC(=O)Nc3ccccc32)c2ccc(NC(C)=O)cc2)cc1,4.886056648,ChEMBL
CHEMBL3589474,COc1ccc(/C=C(/C(=O)N2CC(=O)Nc3ccccc32)c2ccc(OC)c(OC)c2)cc1,4.744727495,ChEMBL
CHEMBL3589473,COc1ccc(/C=C(/C(=O)N2CC(=O)Nc3ccccc32)c2ccc(OC)cc2)cc1,4.795880017,ChEMBL
CHEMBL3589468,COc1ccc(/C=C(/C(=O)N2CC(=O)Nc3ccccc32)c2ccccc2)cc1,4.585026652,ChEMBL
CHEMBL3589469,COc1ccc(/C=C(/C(=O)N2CC(=O)Nc3ccccc32)c2cccs2)cc1,4.886056648,ChEMBL
CHEMBL3589479,COc1ccc(/C=C(/C(=O)Nc2c(C)noc2C)c2ccc(OC)cc2)cc1,4.356547324,ChEMBL
CHEMBL1381011,COc1ccc(/C=C(\NC(=O)c2ccc(C)cc2)C(=O)NCCCn2ccnc2)cc1,4.95939766,ChEMBL
CHEMBL4285157,COc1ccc(Br)cc1S(=O)(=O)Nc1cc2c(cc1Cl)NC(=O)C(C)(C)O2,5.444905551,ChEMBL
CHEMBL4292350,COc1ccc(Br)cc1S(=O)(=O)Nc1cc2c(cc1N(C)C)NC(=O)C(C)(C)O2,5.321481621,ChEMBL
CHEMBL4281728,COc1ccc(Br)cc1S(=O)(=O)Nc1cc2c(cc1N1CCCC1)NC(=O)C(C)(C)O2,5.325138859,ChEMBL
CHEMBL4287753,COc1ccc(Br)cc1S(=O)(=O)Nc1cc2c(cc1O)NC(=O)C(C)(C)O2,6.200659451,ChEMBL
CHEMBL4288985,COc1ccc(Br)cc1S(=O)(=O)Nc1ccc2c(c1)OC(C)(C)C(=O)N2,5.701146924,ChEMBL
CHEMBL3398332,COc1ccc(C(=O)Nc2ncnc3[nH]cnc23)cc1,4.462180905,ChEMBL
CHEMBL3398326,COc1ccc(C(=O)Nc2ncnc3[nH]cnc23)cc1OC,5.107905397,ChEMBL
CHEMBL4173035,COc1ccc(C(C)Nc2ccc3c(c2)N(C2CC2)C(C)C(=O)N3C)cc1,6.552841969,ChEMBL
CHEMBL4129017,COc1ccc(C(O)c2cc(O)cc(-c3c(C)noc3C)c2)cc1,6.231423415,ChEMBL
CHEMBL1480862,COc1ccc(C2=NN(C(=O)CCCC(=O)O)C(c3cn(-c4ccccc4)nc3-c3ccccc3)C2)cc1,5.27083521,ChEMBL
CHEMBL3622373,COc1ccc(CCc2nc3cc(-c4c(C)noc4C)ccc3n2C[C@H](C)N2CCOCC2)cc1Cl,5.494850022,ChEMBL
CHEMBL4281078,COc1ccc(Cl)cc1S(=O)(=O)Nc1ccc2c(c1)OC(C)(C)C(=O)N2,5.528708289,ChEMBL
CHEMBL3220850,COc1ccc(Cn2c(C)nc3ccc(-c4c(C)noc4C)cc32)cc1,5.800000875,ChEMBL
CHEMBL3220867,COc1ccc(Cn2cnc3ccc(-c4c(C)noc4C)cc32)cc1,6.099999035,ChEMBL
CHEMBL4217211,COc1ccc(NC(=O)c2ccc3c(c2)N(C2CC2)C(C)C(=O)N3C)cc1,6.904830649,ChEMBL
CHEMBL3398328,COc1ccc(OC)c(C(=O)Nc2ncnc3[nH]cnc23)c1,5.142667504,ChEMBL
CHEMBL3110353,COc1ccc(S(=O)(=O)Nc2cc(-c3nn4c(C)nnc4c4ccccc34)ccc2N2CCN(C)CC2)cc1,5.300000202,ChEMBL
CHEMBL4169033,COc1ccc(S(=O)(=O)Nc2ccc3c(c2)N(C2CC2)C(C)C(=O)N3C)cc1,6.236572006,ChEMBL
CHEMBL2349346,COc1ccc(S(=O)(=O)Nc2cccc(-c3csc(=O)[nH]3)c2)cc1,5.356547324,ChEMBL
CHEMBL4166215,COc1ccc([C@H](C)Nc2ccc3c(c2)N(C2CC2)C(C)C(=O)N3C)cc1,6.638272164,ChEMBL
CHEMBL4172728,COc1ccc2c(Nc3nc(C)nc4[nH]c5cc(-c6c(C)noc6C)c(OC)cc5c34)nn(C)c2c1,6.707965564,ChEMBL
CHEMBL3752296,COc1ccc2c(c1)N(CCCNC(=O)c1cccc3c1N[C@H](C)C(=O)N3)CCC2,4.886056648,ChEMBL
CHEMBL3769855,COc1cccc(-c2cn(C)c(=O)c3cc(C(=N)NC4CCS(=O)(=O)CC4)sc23)c1,6.099999035,ChEMBL
CHEMBL3589484,COc1cccc(-c2cncc(C(=O)N3CC(=O)Nc4ccccc43)c2)c1,4.602059991,ChEMBL
CHEMBL4076059,COc1cccc(-c2nc3sc4c(c3c(=O)[nH]2)CCC4)c1,6.107905397,ChEMBL
CHEMBL4062624,COc1cccc(-c2nc3sc4c(c3c(=O)[nH]2)CCN(C)C4)c1,5.607303047,ChEMBL
CHEMBL1535485,COc1cccc(C(=O)Nc2ccc3c(c2)n(C)c(=O)n3C)c1,4.800000053,ChEMBL
CHEMBL3398334,COc1cccc(C(=O)Nc2ncnc3[nH]cnc23)c1,4.200659451,ChEMBL
CHEMBL3398330,COc1cccc(C(=O)Nc2ncnc3[nH]cnc23)c1OC,4.104577454,ChEMBL
CHEMBL4126957,COc1cccc(C(O)c2cc(O)cc(-c3c(C)noc3C)c2)c1,6.320286094,ChEMBL
CHEMBL4091269,COc1cccc(CNc2cccc(Oc3ccc(S(C)(=O)=O)cc3-c3cn(C)c(=O)c4cncn34)c2)c1,6.366531544,ChEMBL
CHEMBL4070185,COc1cccc2c1N(CCCNC(=O)c1cccc3c1N[C@H](C)C(=O)N3)CCC2,4.886056648,ChEMBL
CHEMBL3828194,COc1ccccc1C(=O)Nc1cc2c(cc1N(C)C)n(C)c(=O)n2C,5,ChEMBL
CHEMBL3356143,COc1ccccc1C(=O)Nc1cc2c(cc1N1CCCC1)n(C)c(=O)n2C,4.982966661,ChEMBL
CHEMBL3356139,COc1ccccc1C(=O)Nc1cc2c(cc1N1CCCCC1)[nH]c(=O)n2C,5.800000875,ChEMBL
CHEMBL3828008,COc1ccccc1C(=O)Nc1cc2c(cc1N1CCC[C@@H]1C)n(C)c(=O)n2C,4.900000142,ChEMBL
CHEMBL3828311,COc1ccccc1C(=O)Nc1cc2c(cc1N1CCC[C@H]1C)n(C)c(=O)n2C,5,ChEMBL
CHEMBL3828191,COc1ccccc1C(=O)Nc1cc2c(cc1N1CCNC[C@H]1C)n(C)c(=O)n2C,4.700000069,ChEMBL
CHEMBL3827280,COc1ccccc1C(=O)Nc1cc2c(cc1N1CCN[C@H](C)C1)n(C)c(=O)n2C,4.700000069,ChEMBL
CHEMBL4078047,COc1ccccc1C(=O)Nc1cc2cc(C)c(=O)n(C)c2cc1N1CCCC1,5.337242168,ChEMBL
CHEMBL3398339,COc1ccccc1C(=O)Nc1ncnc2[nH]cnc12,4.795880017,ChEMBL
CHEMBL4130228,COc1ccccc1C(O)c1cc(O)cc(-c2c(C)noc2C)c1,6.569320926,ChEMBL
CHEMBL4204305,COc1ccccc1CN1CC(C2CC2)N(C(C)=O)c2ccccc21,4.800000053,ChEMBL
CHEMBL4092776,COc1ccccc1NC(=O)CCSc1cccc2cccnc12,4.727694156,ChEMBL
CHEMBL4213395,COc1ccccc1NC(=O)c1ccc2c(c1)N(C1CC1)C(C)C(=O)N2C,6.754981129,ChEMBL
CHEMBL4069814,COc1ccccc1S(=O)(=O)Nc1ccc2c(c1)cc(C)c(=O)n2C,6.22184875,ChEMBL
CHEMBL3828061,COc1cccnc1C(=O)Nc1cc2c(cc1OC(C)C)n(C)c(=O)n2C,4.399999968,ChEMBL
CHEMBL3585455,COc1cncc(-c2cnc(NC3CCNCC3)c3[nH]c(=O)c(C)cc23)c1,5.899998417,ChEMBL
CHEMBL3590384,COc1cncc(-c2cnc(N[C@@H]3CCNC[C@H]3OCC3CCOCC3)c3[nH]c(=O)c(C)cc23)c1,5.100000128,ChEMBL
CHEMBL3590385,COc1cncc(-c2cnc(N[C@@H]3CCNC[C@H]3OCC3CCS(=O)(=O)CC3)c3[nH]c(=O)c(C)cc23)c1,5.100000128,ChEMBL
CHEMBL4209359,COc1cncc2c(-c3nn(C4CCOCC4)c4c3CN(C(C)=O)CC4)cccc12,4.886056648,ChEMBL
CHEMBL3963607,COc1nc2c(-c3c(C)ccc4ncccc34)cc(-c3c(C)noc3C)cc2[nH]1,7.524328812,ChEMBL
CHEMBL3827767,COc1ncccc1C(=O)Nc1cc2c(cc1OC(C)C)n(C)c(=O)n2C,5.100000128,ChEMBL
CHEMBL4078100,COc1nnc2ccc(N3CCC(c4ccc(OCCN5CCN(C)C(=O)[C@H]5C)cc4)CC3)nn12,5.795880017,ChEMBL
CHEMBL4174383,CSCCC1Oc2cc(-c3c(C)noc3C)ccc2NC1=O,6.27572413,ChEMBL
CHEMBL3398337,CSc1ccccc1C(=O)Nc1ncnc2[nH]cnc12,4.527243551,ChEMBL
CHEMBL4095570,C[C@@H]1C(=O)N(C)c2ccc(Nc3cccc(S(=O)(=O)N(C)C)c3)nc2N1C1CCN(C)CC1,7.698970004,ChEMBL
CHEMBL4207437,C[C@@H]1C(=O)N(C)c2cnc(Nc3ccc(C(=O)NC4CCN(C)CC4)cc3OC3CCCC3)nc2N1C1CCCC1,7.552841969,ChEMBL
CHEMBL3813731,C[C@@H]1CC(=O)Nc2ccc(OCc3cccnc3)cc2O1,5.455931956,ChEMBL
CHEMBL3814772,C[C@@H]1CC(=O)Nc2ccc(O[C@H](C)c3ccccc3)cc2N1,5.070581074,ChEMBL
CHEMBL3814752,C[C@@H]1CC(=O)Nc2cccc(-c3ccc4c(c3)c(-c3cnn(C)c3)nn4C)c2N1,4.958607315,ChEMBL
CHEMBL3813929,C[C@@H]1CC(=O)Nc2cccc(-c3ccc4c(c3)c(C(N)=O)nn4C)c2N1,4.886056648,ChEMBL
CHEMBL3814550,C[C@@H]1CC(=O)Nc2cccc(-c3ccc4c(c3)c(C3CC3)nn4C)c2N1,5.050609993,ChEMBL
CHEMBL3813846,C[C@@H]1CC(=O)Nc2cccc(-c3cccc(OCc4ccccc4)c3)c2N1,5.15490196,ChEMBL
CHEMBL3814881,C[C@@H]1CC(=O)Nc2cccc(C(=O)NC3CCOc4ccccc43)c2N1,5.096910013,ChEMBL
CHEMBL3813713,C[C@@H]1CC(=O)Nc2cccc(C(=O)N[C@H](C)c3ccccc3)c2N1,4.356547324,ChEMBL
CHEMBL3814896,C[C@@H]1CC(=O)Nc2cccc(C(=O)Nc3cccc(-c4cnco4)c3)c2N1,5.096910013,ChEMBL
CHEMBL4068116,C[C@@H]1CC(=O)Nc2cccc(N3CCCc4cc(-c5cnn(C)c5)c(C(F)F)cc43)c2N1,5.346787486,ChEMBL
CHEMBL3814920,C[C@@H]1CC(=O)Nc2ccccc2N1,3.585026652,ChEMBL
CHEMBL4167448,C[C@H]1C(=O)N(C)c2ccc(NS(=O)(=O)c3ccccc3Cl)cc2N1C,5.815308569,ChEMBL
CHEMBL4206381,C[C@H]1C(=O)N(C)c2cnc(Nc3ccc(C(=O)NC4CCN(C)CC4)cc3OC3CCCC3)nc2N1C1CCCC1,7.229147988,ChEMBL
CHEMBL3814706,C[C@H]1CC(=O)Nc2ccccc2N1,2.431798276,ChEMBL
CHEMBL4214127,C[C@H]1CN(C(=O)c2ccco2)c2cc(-c3ccc(S(C)(=O)=O)cc3)ccc2N1C(=O)C1CC1,6.119186408,ChEMBL
CHEMBL504,C[S+](C)[O-],0.552841969,ChEMBL
CHEMBL3786012,Cc1[nH]c(-c2cc(S(C)(=O)=O)ccc2Oc2ccc(F)cc2F)c2c1C(=O)NCC2,7.455931956,ChEMBL
CHEMBL3786708,Cc1[nH]c(-c2ccccc2NC2C3CC4CC(C3)CC2C4)cc1C(N)=O,7.107905397,ChEMBL
CHEMBL4102963,Cc1[nH]n(-c2nc(O)c(Cc3ccccc3)c(=O)[nH]2)c(=O)c1CCO,5.510041521,ChEMBL
CHEMBL2349340,Cc1[nH]nc2c1-c1sc(C)c(C)c1C(c1ccc(Cl)cc1)=N[C@H]2CC(=O)OC(C)(C)C,7.231361899,ChEMBL
CHEMBL3410000,Cc1c(Br)cc(-c2csc(=O)[nH]2)cc1S(=O)(=O)NC1CCCC1,7.22184875,ChEMBL
CHEMBL3410002,Cc1c(N)cc(-c2csc(=O)[nH]2)cc1S(=O)(=O)NC1CCCC1,6.853871964,ChEMBL
CHEMBL3410004,Cc1c(NC(=O)C2CC2)cc(-c2csc(=O)[nH]2)cc1S(=O)(=O)NC1CCCC1,6.657577319,ChEMBL
CHEMBL3410008,Cc1c(NC(=O)c2cccs2)cc(-c2csc(=O)[nH]2)cc1S(=O)(=O)NC1CCCC1,6.102372909,ChEMBL
CHEMBL3786728,Cc1c2c(cn1C)-n1c(C)nnc1[C@H](CC(=O)N1CC3(CCS3(=O)=O)C1)N=C2c1ccc(Cl)cc1,7.698970004,ChEMBL
CHEMBL3822498,Cc1cc(-c2ccc(C(N)=O)cc2)cn(C)c1=O,5.434034183,ChEMBL
CHEMBL3822843,Cc1cc(-c2ccc(CN(C)C)cc2)cn(C)c1=O,4.502779997,ChEMBL
CHEMBL4082119,Cc1cc(-c2nc3cc4c(C)nn(C)c4cc3n2[C@@H](C)c2ccccc2)cn(C)c1=O,8.301029996,ChEMBL
CHEMBL3986698,Cc1cc(-c2nc3ccc(N4CCN(C)CC4)cc3n2Cc2ccccc2)nn(C)c1=O,7.920818754,ChEMBL
CHEMBL4067492,Cc1cc(-c2nc3ccc(N4CCOC[C@@H]4C)cc3n2[C@@H](C)c2ccccc2)cn(C)c1=O,7.920818754,ChEMBL
CHEMBL3787279,Cc1cc(-c2nc3cnc(C4CCOCC4)cc3n2[C@@H](C)c2ccccc2)nn(C)c1=O,8.096910013,ChEMBL
CHEMBL4093043,Cc1cc(-c2nc3sc4c(c3c(=O)[nH]2)CCC(C)C4)cc(C)c1O,5.48945499,ChEMBL
CHEMBL4080510,Cc1cc(-c2nc3sc4c(c3c(=O)[nH]2)CCC4)cc(C)c1O,5.195179321,ChEMBL
CHEMBL4069813,Cc1cc(-c2nc3sc4c(c3c(=O)[nH]2)CCCC4)cc(C)c1O,5.159266765,ChEMBL
CHEMBL4096544,Cc1cc(-c2nc3sc4c(c3c(=O)[nH]2)CCCCC4)cc(C)c1O,6.30980392,ChEMBL
CHEMBL4159382,Cc1cc(/N=N/c2ccc(S(=O)(=O)NC3CCCC3)cc2)c(N)cc1O,7.30980392,ChEMBL
CHEMBL4176038,Cc1cc(/N=N/c2ccc3c(c2)CCC(=O)N3)c(N)cc1O,7.568636236,ChEMBL
CHEMBL2431080,Cc1cc(Cl)ccc1C1=N[C@@H](CC(N)=O)c2onc(C)c2-c2sc(C)c(C)c21,7.37675071,ChEMBL
CHEMBL3585449,Cc1cc2c(-c3cc[nH]n3)cnc(NC3CCNCC3)c2[nH]c1=O,5.899998417,ChEMBL
CHEMBL3586721,Cc1cc2c(-c3cccc(O)c3)cnc(NC3CCNCC3)c2[nH]c1=O,6.199998172,ChEMBL
CHEMBL3586722,Cc1cc2c(-c3cccc4[nH]ncc34)cnc(NC3CCNCC3)c2[nH]c1=O,6.900008766,ChEMBL
CHEMBL3586719,Cc1cc2c(-c3ccccc3)cnc(NC3CCNCC3)c2[nH]c1=O,6.099999035,ChEMBL
CHEMBL3586726,Cc1cc2c(-c3ccccn3)cnc(NC3CCNCC3)c2[nH]c1=O,5.300000202,ChEMBL
CHEMBL3586723,Cc1cc2c(-c3cccnc3)cnc(NC3CCNCC3)c2[nH]c1=O,5.700000504,ChEMBL
CHEMBL3590380,Cc1cc2c(-c3cccnc3)cnc(N[C@@H]3CCNC[C@H]3OCC3CCOCC3)c2[nH]c1=O,5.200000237,ChEMBL
CHEMBL3590381,Cc1cc2c(-c3cccnc3)cnc(N[C@@H]3CCNC[C@H]3OCC3CCS(=O)(=O)CC3)c2[nH]c1=O,5,ChEMBL
CHEMBL3586725,Cc1cc2c(-c3ccncc3)cnc(NC3CCNCC3)c2[nH]c1=O,5.499999679,ChEMBL
CHEMBL3586724,Cc1cc2c(-c3cn[nH]c3)cnc(NC3CCNCC3)c2[nH]c1=O,6.099999035,ChEMBL
CHEMBL3585457,Cc1cc2c(-c3cncc(C(N)=O)c3)cnc(NC3CCNCC3)c2[nH]c1=O,5.400000186,ChEMBL
CHEMBL3585461,Cc1cc2c(-c3cncc(COC(N)=O)c3)cnc(NC3CCNCC3)c2[nH]c1=O,5.899998417,ChEMBL
CHEMBL3585456,Cc1cc2c(-c3cncc(Cl)c3)cnc(NC3CCNCC3)c2[nH]c1=O,5.200000237,ChEMBL
CHEMBL3585459,Cc1cc2c(-c3cncc(N)c3)cnc(NC3CCNCC3)c2[nH]c1=O,5.700000504,ChEMBL
CHEMBL3590391,Cc1cc2c(-c3cncc(N)c3)cnc(N[C@@H]3CCNC[C@H]3OCC3CCCCC3)c2[nH]c1=O,6.199998172,ChEMBL
CHEMBL3585460,Cc1cc2c(-c3cncc(NS(C)(=O)=O)c3)cnc(NC3CCNCC3)c2[nH]c1=O,6.099999035,ChEMBL
CHEMBL3585462,Cc1cc2c(-c3cncnc3)cnc(NC3CCNCC3)c2[nH]c1=O,4.800000053,ChEMBL
CHEMBL3590386,Cc1cc2c(-c3cncnc3)cnc(N[C@@H]3CCNC[C@H]3OCC3CCOCC3)c2[nH]c1=O,4.300000029,ChEMBL
CHEMBL4063112,Cc1cc2c(cc1N1C(=O)c3cccc4c(N5CCCC5)ccc(c34)C1=O)n(C)c(=O)n2C,4.809668302,ChEMBL
CHEMBL4092917,Cc1cc2c(cc1N1C(=O)c3cccc4c(N5CCCCC5)ccc(c34)C1=O)n(C)c(=O)n2C,4.838631998,ChEMBL
CHEMBL4098824,Cc1cc2c(cc1N1C(=O)c3cccc4cccc(c34)C1=O)n(C)c(=O)n2C,4.777283529,ChEMBL
CHEMBL4102050,Cc1cc2cc(NS(=O)(=O)c3ccc(C#N)cc3)ccc2n(C)c1=O,5.346787486,ChEMBL
CHEMBL3586699,Cc1cc2cccc(NC3CCNCC3)c2[nH]c1=O,5.200000237,ChEMBL
CHEMBL3586697,Cc1cc2cccc(NCCCN(C)C)c2[nH]c1=O,5,ChEMBL
CHEMBL3586692,Cc1cc2cccc(NCCCO)c2[nH]c1=O,5.300000202,ChEMBL
CHEMBL3586689,Cc1cc2cccc(NCCN(C)C)c2[nH]c1=O,4.600000075,ChEMBL
CHEMBL3586691,Cc1cc2cccc(NCCO)c2[nH]c1=O,4.399999968,ChEMBL
CHEMBL3586693,Cc1cc2cccc(NCc3ncc[nH]3)c2[nH]c1=O,4.300000029,ChEMBL
CHEMBL3586701,Cc1cc2cccc(N[C@@H]3CCNC3)c2[nH]c1=O,5.200000237,ChEMBL
CHEMBL3586703,Cc1cc2cccc(N[C@H]3CCNC3)c2[nH]c1=O,5,ChEMBL
CHEMBL3586688,Cc1cc2ccccc2[nH]c1=O,4.399999968,ChEMBL
CHEMBL3586713,Cc1cc2ccnc(NC3CCN(C)CC3)c2[nH]c1=O,5.499999679,ChEMBL
CHEMBL3586714,Cc1cc2ccnc(NC3CCN(C4CC4)CC3)c2[nH]c1=O,5.300000202,ChEMBL
CHEMBL3586700,Cc1cc2ccnc(NC3CCNCC3)c2[nH]c1=O,5.400000186,ChEMBL
CHEMBL3586708,Cc1cc2ccnc(NCC(C)(C)CN(C)C)c2[nH]c1=O,3.799999998,ChEMBL
CHEMBL3586712,Cc1cc2ccnc(NCC3CCCNC3)c2[nH]c1=O,5.200000237,ChEMBL
CHEMBL3586707,Cc1cc2ccnc(NCC3CCNCC3)c2[nH]c1=O,4.600000075,ChEMBL
CHEMBL3586706,Cc1cc2ccnc(NCCC3CCCNC3)c2[nH]c1=O,4.600000075,ChEMBL
CHEMBL3586705,Cc1cc2ccnc(NCCC3CCNCC3)c2[nH]c1=O,4.900000142,ChEMBL
CHEMBL3586698,Cc1cc2ccnc(NCCCN(C)C)c2[nH]c1=O,4.700000069,ChEMBL
CHEMBL3586711,Cc1cc2ccnc(NC[C@H]3CCNC3)c2[nH]c1=O,4.900000142,ChEMBL
CHEMBL3586709,Cc1cc2ccnc(N[C@@H]3CCCNC3)c2[nH]c1=O,4.800000053,ChEMBL
CHEMBL3586702,Cc1cc2ccnc(N[C@@H]3CCNC3)c2[nH]c1=O,4.800000053,ChEMBL
CHEMBL3590400,Cc1cc2ccnc(N[C@@H]3CCNC[C@H]3OC(C)C)c2[nH]c1=O,4.600000075,ChEMBL
CHEMBL3590402,Cc1cc2ccnc(N[C@@H]3CCNC[C@H]3OCC(C)C)c2[nH]c1=O,5.200000237,ChEMBL
CHEMBL3590403,Cc1cc2ccnc(N[C@@H]3CCNC[C@H]3OCC3CCCC3)c2[nH]c1=O,5,ChEMBL
CHEMBL3590388,Cc1cc2ccnc(N[C@@H]3CCNC[C@H]3OCC3CCCCC3)c2[nH]c1=O,5.366666858,ChEMBL
CHEMBL3590404,Cc1cc2ccnc(N[C@@H]3CCNC[C@H]3OCC3CCCCCC3)c2[nH]c1=O,5.300000202,ChEMBL
CHEMBL3590394,Cc1cc2ccnc(N[C@@H]3CCNC[C@H]3OCC3CCOCC3)c2[nH]c1=O,4.900000026,ChEMBL
CHEMBL3590379,Cc1cc2ccnc(N[C@@H]3CCNC[C@H]3OCCC3CCOCC3)c2[nH]c1=O,4.600000075,ChEMBL
CHEMBL3590398,Cc1cc2ccnc(N[C@@H]3CCNC[C@H]3OC[C@@H]3CCS(=O)(=O)C3)c2[nH]c1=O,4.900000142,ChEMBL
CHEMBL3590393,Cc1cc2ccnc(N[C@@H]3CCNC[C@H]3OC[C@H]3CC[C@H](O)CC3)c2[nH]c1=O,4.900000142,ChEMBL
CHEMBL3586717,Cc1cc2ccnc(N[C@@H]3C[C@@H]4CC[C@H](C3)N4C)c2[nH]c1=O,5.449999932,ChEMBL
CHEMBL3586710,Cc1cc2ccnc(N[C@H]3CCC[C@H](N)C3)c2[nH]c1=O,4.900000142,ChEMBL
CHEMBL3586704,Cc1cc2ccnc(N[C@H]3CCNC3)c2[nH]c1=O,4.399999968,ChEMBL
CHEMBL3590387,Cc1cc2ccnc(N[C@H]3CCNC[C@@H]3OCC3CCCCC3)c2[nH]c1=O,4.900000142,ChEMBL
CHEMBL3590395,Cc1cc2ccnc(N[C@H]3CCNC[C@@H]3OCC3CCOCC3)c2[nH]c1=O,4.900000142,ChEMBL
CHEMBL3590397,Cc1cc2ccnc(N[C@H]3CCNC[C@@H]3OCC3CCS(=O)(=O)CC3)c2[nH]c1=O,5.300000202,ChEMBL
CHEMBL3586718,Cc1cc2ccnc(N[C@H]3C[C@@H]4CC[C@H](C3)N4C)c2[nH]c1=O,5.449999932,ChEMBL
CHEMBL4097802,Cc1ccc(-[n+]2c3ccccc3nc3ccc(N4CCOCC4)cc32)cc1,4.960982678,ChEMBL
CHEMBL3891399,Cc1ccc(-c2ccc3c(c2)C(c2ccc(Cl)cc2)=N[C@@H](CC(N)=O)c2onc(C)c2-3)cn1,7.552841969,ChEMBL
CHEMBL4173305,Cc1ccc(-c2ccc3c(c2)N(c2ccc(Cl)cc2)CCn2nnc(C)c2-3)cn1,7.795880017,ChEMBL
CHEMBL3585451,Cc1ccc(-c2cnc(NC3CCNCC3)c3[nH]c(=O)c(C)cc23)cn1,6,ChEMBL
CHEMBL3409992,Cc1ccc(-c2csc(=O)[nH]2)cc1S(=O)(=O)NC1CCCC1,6.657577319,ChEMBL
CHEMBL3110357,Cc1ccc(-c2nn3c(C)nnc3c3ccccc23)cc1NS(C)(=O)=O,5.300000202,ChEMBL
CHEMBL3108781,Cc1ccc(-c2nn3c(C)nnc3c3ccccc23)cc1S(=O)(=O)N(C)C,5.899998417,ChEMBL
CHEMBL4165131,Cc1ccc(C(C)Nc2ccc3c(c2)N(C2CC2)C(C)C(=O)N3C)c(C)c1,6.920818754,ChEMBL
CHEMBL4171848,Cc1ccc(C(C)Nc2ccc3c(c2)N(C2CC2)C(C)C(=O)N3C)cc1,6.769551079,ChEMBL
CHEMBL4125731,Cc1ccc(C(O)c2cc(O)cc(-c3c(C)noc3C)c2)cc1,6.529354823,ChEMBL
CHEMBL4068849,Cc1ccc(C)c(NC(=O)CC(c2ccccc2)c2ccccc2)c1,4.294563953,ChEMBL
CHEMBL4208609,Cc1ccc(CNC(=O)c2ccc3c(c2)N(C2CC2)C(C)C(=O)N3C)cc1,6.722390786,ChEMBL
CHEMBL4207810,Cc1ccc(N(C)C(=O)c2ccc3c(c2)N(C2CC2)C(C)C(=O)N3C)cc1,7.974694135,ChEMBL
CHEMBL4204052,Cc1ccc(NC(=O)c2ccc3c(c2)N(C2CC2)C(C)C(=O)N3C)c(C)c1,7.764471553,ChEMBL
CHEMBL4202403,Cc1ccc(NC(=O)c2ccc3c(c2)N(C2CC2)C(C)C(=O)N3C)cc1,7.333482019,ChEMBL
CHEMBL4210440,Cc1ccc(NC(=O)c2ccc3c(c2)N(C2CC2)C(C)C(=O)N3C)cc1F,7.205511953,ChEMBL
CHEMBL4216192,Cc1ccc(NC(=O)c2ccc3c(c2)N(C2CCCC2)C(C)C(=O)N3C)c(C)c1,7.679853714,ChEMBL
CHEMBL4215726,Cc1ccc(NC(=O)c2ccc3c(c2)N(C2CCCC2)C(C)C(=O)N3C)cc1,7.504455662,ChEMBL
CHEMBL4165602,Cc1ccc(OC(=O)Nc2ccc3c(c2)N(C2CC2)C(C)C(=O)N3C)cc1,6.080921908,ChEMBL
CHEMBL4094232,Cc1ccc(S(=O)(=O)Nc2ccc3c(c2)CCC(=O)N3C)s1,5.283996656,ChEMBL
CHEMBL4168214,Cc1ccc(S(=O)(=O)Nc2ccc3c(c2)N(C(C)C)C(C)C(=O)N3C)cc1,6.455931956,ChEMBL
CHEMBL4160220,Cc1ccc(S(=O)(=O)Nc2ccc3c(c2)N(C)[C@@H](C)C(=O)N3C)cc1,6.113509275,ChEMBL
CHEMBL4176065,Cc1ccc(S(=O)(=O)Nc2ccc3c(c2)N(C2CC2)C(C)C(=O)N3C)cc1,6.602059991,ChEMBL
CHEMBL4164777,Cc1ccc(S(=O)(=O)Nc2ccc3c(c2)N(C2CCCC2)C(C)C(=O)N3C)cc1,6.420216403,ChEMBL
CHEMBL4176466,Cc1ccc(S(=O)(=O)Nc2ccc3c(c2)N(CC(C)C)C(C)C(=O)N3C)cc1,6.13667714,ChEMBL
CHEMBL4169286,Cc1ccc(S(=O)(=O)Nc2ccc3c(c2)N(CC2CCCO2)C(C)C(=O)N3C)cc1,5.982966661,ChEMBL
CHEMBL4161361,Cc1ccc(S(=O)(=O)Nc2ccc3c(c2)N(CCN2CCOCC2)C(C)C(=O)N3C)cc1,5.987162775,ChEMBL
CHEMBL4282575,Cc1ccc(S(=O)(=O)Nc2ccc3c(c2)OC(C)(C)C(=O)N3)cc1,5.334419009,ChEMBL
CHEMBL1444120,Cc1ccc(S(=O)(=O)Nc2ccc3c(c2)n(C)c(=O)n3C)c(C)c1,5.599999383,ChEMBL
CHEMBL4159024,Cc1ccc(S(=O)(=O)Nc2ccc3c(n2)N(C2CC2)C(C)C(=O)N3C)cc1,6.568636236,ChEMBL
CHEMBL4176830,Cc1ccc([C@H](C)Nc2ccc3c(c2)N(C2CC2)C(C)C(=O)N3C)c(C)c1,7,ChEMBL
CHEMBL4176419,Cc1ccc([C@H](C)Nc2ccc3c(c2)N(C2CC2)C(C)C(=O)N3C)cc1,7.060480747,ChEMBL
CHEMBL4168169,Cc1ccc([C@H](C)Nc2ccc3c(c2)N(C2CC2)[C@H](C)C(=O)N3C)c(C)c1,7.346787486,ChEMBL
CHEMBL4169634,Cc1ccc([C@H](C)Nc2ccc3c(c2)N(C2CC2)[C@H](C)C(=O)N3C)cc1,7.283996656,ChEMBL
CHEMBL4228515,Cc1ccc2c(=O)n(C)cc(-c3cccc(NS(C)(=O)=O)c3)c2c1,6.823908741,ChEMBL
CHEMBL3959351,Cc1ccc2c(c1)C(=O)N(C)c1cnc(Nc3cccc(S(=O)(=O)N4CCC(O)CC4)c3)nc1N2C,4.966576245,ChEMBL
CHEMBL4217497,Cc1ccc2c(c1)CC(C)N2C(=O)c1ccc2c(c1)N(C1CC1)C(C)C(=O)N2C,7.651695137,ChEMBL
CHEMBL4218450,Cc1ccc2c(c1)CC(C)N2C(=O)c1ccc2c(n1)N(C1CC1)C(C)C(=O)N2C,7.216811309,ChEMBL
CHEMBL4212538,Cc1ccc2c(c1)CCN2C(=O)c1ccc2c(c1)N(C1CC1)C(C)C(=O)N2C,7.798602876,ChEMBL
CHEMBL4213524,Cc1ccc2c(c1)CCN2C(=O)c1ccc2c(n1)N(C1CC1)C(C)C(=O)N2C,7.262807357,ChEMBL
CHEMBL3903329,Cc1ccc2ncccc2c1-c1cc(-c2c(C)noc2C)cc2[nH]c(-c3cnn(C)c3)nc12,7.798602876,ChEMBL
CHEMBL3973174,Cc1ccc2ncccc2c1-c1cc(-c2c(C)noc2C)cc2[nH]c(C(F)(F)F)nc12,7.42365865,ChEMBL
CHEMBL3974281,Cc1ccc2ncccc2c1-c1cc(-c2c(C)noc2C)cc2[nH]c(C(O)CCO)nc12,6.885055584,ChEMBL
CHEMBL3926851,Cc1ccc2ncccc2c1-c1cc(-c2c(C)noc2C)cc2nc(C3CC3)[nH]c12,7.841637508,ChEMBL
CHEMBL3898030,Cc1ccc2ncccc2c1-c1cc(-c2c(C)noc2C)cc2nc(C3CC3)n(C)c12,7.723538196,ChEMBL
CHEMBL14212,Cc1cccc(Oc2nccc(-c3c(-c4ccc(F)cc4)ncn3C3CCNCC3)n2)c1C,5.602059991,ChEMBL
CHEMBL4212617,Cc1cccc2c1CCN2C(=O)c1ccc2c(c1)N(C1CC1)C(C)C(=O)N2C,7.694648631,ChEMBL
CHEMBL4205255,Cc1cccc2c1CCN2C(=O)c1ccc2c(n1)N(C1CC1)C(C)C(=O)N2C,6.701146924,ChEMBL
CHEMBL4163972,Cc1ccccc1C(C)Nc1ccc2c(c1)N(C1CC1)C(C)C(=O)N2C,6.568636236,ChEMBL
CHEMBL4212227,Cc1ccccc1NC(=O)c1ccc2c(c1)N(C1CC1)C(C)C(=O)N2C,6.774690718,ChEMBL
CHEMBL4100205,Cc1ccn(-c2ccc(NCCNC(=O)c3ccc(Br)o3)nn2)n1,4.67223251,ChEMBL
CHEMBL3979158,Cc1ccnc(C)c1-c1cc(-c2c(C)noc2C)cc2[nH]cnc12,6.55705013,ChEMBL
CHEMBL3949432,Cc1ccnc(C)c1-c1cc(-c2c(C)noc2C)cc2nc(C3CC3)[nH]c12,7.645891561,ChEMBL
CHEMBL3585453,Cc1ccncc1-c1cnc(NC2CCNCC2)c2[nH]c(=O)c(C)cc12,5.499999679,ChEMBL
CHEMBL3785363,Cc1cn(C)c2c1C(=O)N(c1cc(Cl)c(=O)n(C)c1)[C@@H]2c1ccc(Cl)cc1,7.070581074,ChEMBL
CHEMBL1995703,Cc1cnc(Nc2ccc(N3CCN(C)CC3)cc2)nc1Nc1cccc(S(=O)(=O)NC(C)(C)C)c1,6.886056648,ChEMBL
CHEMBL1287853,Cc1cnc(Nc2ccc(OCCN3CCCC3)cc2)nc1Nc1cccc(S(=O)(=O)NC(C)(C)C)c1,6.537602002,ChEMBL
CHEMBL4244134,Cc1cncc(-c2ccc(N[C@@H]3CCNC[C@H]3OCC3CCC(F)(F)CC3)c3[nH]c(=O)c(C)cc23)c1,5.200000237,ChEMBL
CHEMBL3590405,Cc1cncc(-c2ccc(N[C@@H]3CCNC[C@H]3OCC3CCS(=O)(=O)CC3)c3[nH]c(=O)c(C)cc23)c1,5.400000186,ChEMBL
CHEMBL4246741,Cc1cncc(-c2ccc(N[C@@H]3C[C@H]4CC[C@H](N4)[C@H]3CCC3CCS(=O)(=O)CC3)c3[nH]c(=O)c(C)cc23)c1,5.300000202,ChEMBL
CHEMBL3585452,Cc1cncc(-c2cnc(NC3CCNCC3)c3[nH]c(=O)c(C)cc23)c1,5.599999383,ChEMBL
CHEMBL3585458,Cc1cncc(-c2cnc(NC3CCNCC3)c3[nH]c(=O)c(C)cc23)c1C,5.100000128,ChEMBL
CHEMBL3590408,Cc1cncc(-c2cnc(N[C@@H]3CCN(C)C[C@H]3OCC3CCS(=O)(=O)CC3)c3[nH]c(=O)c(C)cc23)c1,4.100000019,ChEMBL
CHEMBL3590389,Cc1cncc(-c2cnc(N[C@@H]3CCNC[C@H]3OCC3CCCCC3)c3[nH]c(=O)c(C)cc23)c1,5.800000875,ChEMBL
CHEMBL3590382,Cc1cncc(-c2cnc(N[C@@H]3CCNC[C@H]3OCC3CCOCC3)c3[nH]c(=O)c(C)cc23)c1,5,ChEMBL
CHEMBL3590383,Cc1cncc(-c2cnc(N[C@@H]3CCNC[C@H]3OCC3CCS(=O)(=O)CC3)c3[nH]c(=O)c(C)cc23)c1,4.800000053,ChEMBL
CHEMBL3590406,Cc1cncc(-c2cnc(N[C@@H]3CCNC[C@H]3OC[C@@H]3C[C@H](C)S(=O)(=O)[C@H](C)C3)c3[nH]c(=O)c(C)cc23)c1,4.600000075,ChEMBL
CHEMBL4242484,Cc1cncc(-c2cnc(N[C@@H]3C[C@H]4CC[C@H](N4)[C@H]3CCC3CCC(F)(F)CC3)c3[nH]c(=O)c(C)cc23)c1,5.300000202,ChEMBL
CHEMBL4241003,Cc1cncc(-c2cnc(N[C@@H]3C[C@H]4CC[C@H](N4)[C@H]3CCC3CCOCC3)c3[nH]c(=O)c(C)cc23)c1,5.100000128,ChEMBL
CHEMBL3590390,Cc1cncc(-c2cnc(N[C@H]3CCNC[C@@H]3OCC3CCCCC3)c3[nH]c(=O)c(C)cc23)c1,4.900000142,ChEMBL
CHEMBL3912626,Cc1cnn(C)c1-c1cc(-c2c(C)noc2C)cc2nc(C3CC3)[nH]c12,7.335358024,ChEMBL
CHEMBL3974456,Cc1n[nH]c(C)c1-c1cc(-c2c(C)noc2C)cc2[nH]c(C3CC3)nc12,7.474955193,ChEMBL
CHEMBL3912346,Cc1n[nH]c(C)c1-c1cc(-c2c(C)noc2C)cc2[nH]c(NC3CC3)nc12,7.294992041,ChEMBL
CHEMBL3975427,Cc1n[nH]c(C)c1-c1cc(-c2c(C)noc2C)cc2[nH]c(NCC3CC3)nc12,7.473660723,ChEMBL
CHEMBL3946085,Cc1n[nH]c(C)c1-c1cc(-c2c(C)noc2C)cc2nc(C3CC3(F)F)[nH]c12,7.600326279,ChEMBL
CHEMBL3969225,Cc1n[nH]c(C)c1-c1cc(-c2c(C)noc2C)cc2nc(C3CC3)n(C)c12,7.910094889,ChEMBL
CHEMBL3917785,Cc1n[nH]c(C)c1-c1cc(-c2c(C)noc2C)cc2nc(N)[nH]c12,7.270025714,ChEMBL
CHEMBL3935133,Cc1nc2cc(-c3c(C)noc3C)cc(-c3c(C)n[nH]c3C)c2[nH]1,7.369572125,ChEMBL
CHEMBL3585450,Cc1ncccc1-c1cnc(NC2CCNCC2)c2[nH]c(=O)c(C)cc12,5.200000237,ChEMBL
CHEMBL4205364,Cc1nn(C)c(C)c1NC(=O)c1ccc2c(c1)N(C1CC1)C(C)C(=O)N2C,6.494850022,ChEMBL
CHEMBL3785668,Cc1nnc(C[C@@H]2C=C(c3ccc(Cl)cc3)c3ccccc3-n3c(C)nnc32)o1,7.698970004,ChEMBL
CHEMBL3785917,Cc1nnc2c(NC(C)C)nc(-c3nc4cnc(N5CCOC[C@@H]5C)cc4n3C(C)CC3CC3)cn12,8.045757491,ChEMBL
CHEMBL4097251,Cc1nnc2c(NC(C)C)nc(-c3nc4cnc(N5CCOC[C@H]5C)cc4n3C(C)CC3CC3)cn12,8.045757491,ChEMBL
CHEMBL3108803,Cc1nnc2c3ccccc3c(-c3ccc(N4CCOCC4)c(NS(=O)(=O)c4ccc(Cl)cc4)c3)nn12,6,ChEMBL
CHEMBL3108801,Cc1nnc2c3ccccc3c(-c3ccc(N4CCOCC4)c(NS(=O)(=O)c4ccccc4Cl)c3)nn12,6.799998135,ChEMBL
CHEMBL3108800,Cc1nnc2c3ccccc3c(-c3ccc(N4CCOCC4)c(NS(C)(=O)=O)c3)nn12,6.599997654,ChEMBL
CHEMBL4074924,Cc1nnc2ccc(-c3cnn(C)c3Oc3ccccc3)nn12,5.698970004,ChEMBL
CHEMBL4177080,Cc1nnn2c1-c1ccc(-c3cc[nH]n3)cc1N(c1ccc(Cl)cc1)CC2,7.853871964,ChEMBL
CHEMBL4168815,Cc1nnn2c1-c1ccc(-c3ccc(N)nc3)cc1N(c1ccc(Cl)cc1)CC2,7.886056648,ChEMBL
CHEMBL4176672,Cc1nnn2c1-c1ccc(-c3cnc(N)nc3)cc1N(c1ccc(Cl)cc1)CC2,7.638272164,ChEMBL
CHEMBL4165389,Cc1nnn2c1-c1ccc(-c3nn[nH]n3)cc1N(c1ccc(Cl)cc1)CC2,8.522878745,ChEMBL
CHEMBL4173105,Cc1nnn2c1-c1ccc(C#N)cc1N(c1ccc(Cl)cc1)CC2,7.958607315,ChEMBL
CHEMBL4166671,Cc1nnn2c1-c1ccc(C(=O)NC(c3ccccc3)c3ccccc3)cc1N(c1ccc(Cl)cc1)CC2,7.356547324,ChEMBL
CHEMBL4166286,Cc1nnn2c1-c1ccc(C(=O)NCc3ccccc3)cc1N(c1ccc(Cl)cc1)CC2,7.455931956,ChEMBL
CHEMBL4174587,Cc1nnn2c1-c1ccc(C(=O)NS(=O)(=O)c3ccccc3)cc1N(c1ccc(Cl)cc1)CC2,7.677780705,ChEMBL
CHEMBL4167362,Cc1nnn2c1-c1ccc(C(=O)NS(C)(=O)=O)cc1N(c1ccc(Cl)cc1)CC2,7.886056648,ChEMBL
CHEMBL4173537,Cc1nnn2c1-c1ccc(C(=O)N[C@@H](C)c3ccc(F)cc3)cc1N(c1ccc(Cl)cc1)CC2,7.468521083,ChEMBL
CHEMBL4162832,Cc1nnn2c1-c1ccc(C(=O)N[C@@H](C)c3ccccc3)cc1N(c1ccc(Cl)cc1)CC2,8,ChEMBL
CHEMBL4176902,Cc1nnn2c1-c1ccc(C(=O)N[C@H](C)c3ccccc3)cc1N(c1ccc(Cl)cc1)CC2,7.853871964,ChEMBL
CHEMBL4169698,Cc1nnn2c1-c1ccc(C(=O)Nc3ccccc3)cc1N(c1ccc(Cl)cc1)CC2,7.677780705,ChEMBL
CHEMBL4166861,Cc1nnn2c1-c1ccc(C(=O)O)cc1N(c1ccc(Cl)cc1)CC2,7.552841969,ChEMBL
CHEMBL4161767,Cc1nnn2c1-c1ccc(C(N)=O)cc1N(c1ccc(Cl)cc1)CC2,8.22184875,ChEMBL
CHEMBL4165200,Cc1nnn2c1-c1ccc(C(O)C(F)(F)F)cc1N(c1ccc(Cl)cc1)CC2,7.366531544,ChEMBL
CHEMBL4166455,Cc1nnn2c1-c1ccc(CO)cc1N(c1ccc(Cl)cc1)CC2,7.102372909,ChEMBL
CHEMBL4161952,Cc1nnn2c1-c1ccc(Cn3cccn3)cc1N(c1ccc(Cl)cc1)CC2,7.346787486,ChEMBL
CHEMBL4174918,Cc1nnn2c1-c1ccccc1N(Cc1cccc(Br)c1)CC2,7.537602002,ChEMBL
CHEMBL4169877,Cc1nnn2c1-c1ccccc1N(c1ccc(Cl)cc1)CC2,7.455931956,ChEMBL
CHEMBL4162818,Cc1nnn2c1-c1ccccc1N(c1ccc(Cl)cc1)CC2CCO,7.283996656,ChEMBL
CHEMBL4159455,Cc1nnn2c1-c1ccccc1N(c1ccc(Cl)cc1)C[C@@H]2C,7.823908741,ChEMBL
CHEMBL4170756,Cc1nnn2c1-c1ccccc1N(c1ccc(Cl)cc1)C[C@H]2C,7.853871964,ChEMBL
CHEMBL4164698,Cc1nnn2c1-c1ccccc1N(c1ccccc1)CC2,7.552841969,ChEMBL
CHEMBL3923924,Cc1noc(-c2ccc3c(c2)C(c2ccc(Cl)cc2)=N[C@@H](CC(N)=O)c2onc(C)c2-3)n1,6.568636236,ChEMBL
CHEMBL3899767,Cc1noc(C)c1-c1cc(-c2cccnc2-c2ccccc2)c2nc(C3CC3)[nH]c2c1,7.552841969,ChEMBL
CHEMBL3912665,Cc1noc(C)c1-c1cc(/C=C/c2ccccc2)c2[nH]c(C3CC3)nc2c1,5.498927038,ChEMBL
CHEMBL3940657,Cc1noc(C)c1-c1cc(C(C)c2ccc(F)cc2)c2[nH]c(C3CC3)nc2c1,7.657577319,ChEMBL
CHEMBL3889780,Cc1noc(C)c1-c1cc(C(O)(c2ccccc2)c2ccccc2)c2nc(C3CC3)[nH]c2c1,7.844663963,ChEMBL
CHEMBL3982015,Cc1noc(C)c1-c1cc(C(O)C2CCCC2)c2nc(C3CC3)[nH]c2c1,7.607303047,ChEMBL
CHEMBL3959270,Cc1noc(C)c1-c1cc(N2C(=O)CCC2C)c2nc(C3CC3)[nH]c2c1,6.289967301,ChEMBL
CHEMBL3925164,Cc1noc(C)c1-c1cc(NC2CCCC2)c2nc(C3CC3)[nH]c2c1,6.90274269,ChEMBL
CHEMBL4126757,Cc1noc(C)c1-c1cc(O)cc(C(=O)N2CCNCC2)c1,6.14073019,ChEMBL
CHEMBL4128131,Cc1noc(C)c1-c1cc(O)cc(C(=O)N2CCOCC2)c1,5.420108428,ChEMBL
CHEMBL2335146,Cc1noc(C)c1-c1cc(O)cc(C(=O)c2ccccc2)c1,6.2644011,ChEMBL
CHEMBL4126542,Cc1noc(C)c1-c1cc(O)cc(C(O)C2CC2)c1,6.42182898,ChEMBL
CHEMBL4127935,Cc1noc(C)c1-c1cc(O)cc(C(O)C2CCCCC2)c1,6.779944243,ChEMBL
CHEMBL4128749,Cc1noc(C)c1-c1cc(O)cc(C(O)c2ccc(C#N)cc2)c1,6.219481382,ChEMBL
CHEMBL4128310,Cc1noc(C)c1-c1cc(O)cc(C(O)c2ccc(Cl)c(Cl)c2)c1,6.022284684,ChEMBL
CHEMBL4128199,Cc1noc(C)c1-c1cc(O)cc(C(O)c2ccc(Cl)cc2)c1,6.199984406,ChEMBL
CHEMBL4126698,Cc1noc(C)c1-c1cc(O)cc(C(O)c2ccc(Cl)cn2)c1,6.307696877,ChEMBL
CHEMBL4129683,Cc1noc(C)c1-c1cc(O)cc(C(O)c2ccc(F)cc2)c1,6.072343454,ChEMBL
CHEMBL4130114,Cc1noc(C)c1-c1cc(O)cc(C(O)c2cccc(F)c2)c1,6.100362924,ChEMBL
CHEMBL2335143,Cc1noc(C)c1-c1cc(O)cc(C(O)c2ccccc2)c1,6.417834043,ChEMBL
CHEMBL4129966,Cc1noc(C)c1-c1cc(O)cc(C(O)c2ccccc2F)c1,5.84885545,ChEMBL
CHEMBL4128201,Cc1noc(C)c1-c1cc(O)cc(C(O)c2ccccn2)c1,5.329877139,ChEMBL
CHEMBL4129171,Cc1noc(C)c1-c1cc(O)cc(C(O)c2cccnc2)c1,6.779944243,ChEMBL
CHEMBL4127775,Cc1noc(C)c1-c1cc(O)cc(C(O)c2ccncc2)c1,6.519275214,ChEMBL
CHEMBL4128951,Cc1noc(C)c1-c1cc(O)cc(CN2CCC(F)(F)CC2)c1,6.629468738,ChEMBL
CHEMBL4130167,Cc1noc(C)c1-c1cc(O)cc(CN2CCCC2)c1,5.487725893,ChEMBL
CHEMBL4130320,Cc1noc(C)c1-c1cc(O)cc(CN2CCCCC2)c1,5.369277871,ChEMBL
CHEMBL4126819,Cc1noc(C)c1-c1cc(O)cc(CN2CCN(C)CC2)c1,5.910047227,ChEMBL
CHEMBL4127707,Cc1noc(C)c1-c1cc(O)cc(CN2CCOCC2)c1,6.019771642,ChEMBL
CHEMBL4129106,Cc1noc(C)c1-c1cc(O)cc(CNCc2ccccc2)c1,5.648908851,ChEMBL
CHEMBL4126900,Cc1noc(C)c1-c1cc(O)cc(Cc2ccccc2)c1,5.9593033,ChEMBL
CHEMBL2335154,Cc1noc(C)c1-c1cc(O)cc([C@@H](O)c2ccccc2)c1,6.418967974,ChEMBL
CHEMBL2335147,Cc1noc(C)c1-c1cc(O)cc([C@H](O)c2ccccc2)c1,6.413412695,ChEMBL
CHEMBL2335145,Cc1noc(C)c1-c1cc(OCCO)cc(C(O)c2ccccc2)c1,5.931814138,ChEMBL
CHEMBL4243172,Cc1noc(C)c1-c1ccc(=O)n(Cc2ccc(C3CO3)c(F)c2)c1,6.795880017,ChEMBL
CHEMBL4246969,Cc1noc(C)c1-c1ccc(=O)n(Cc2ccc(C3CO3)cc2)c1,6.318758763,ChEMBL
CHEMBL4241469,Cc1noc(C)c1-c1ccc(=O)n(Cc2cccc(F)c2)c1,5.970616222,ChEMBL
CHEMBL4251258,Cc1noc(C)c1-c1ccc(=O)n(Cc2ccccc2)c1,6.638272164,ChEMBL
CHEMBL3220851,Cc1noc(C)c1-c1ccc2c(c1)C(=O)CC2,4.200000031,ChEMBL
CHEMBL3785262,Cc1noc(C)c1-c1ccc2c(c1)C(C)(c1ccccc1)N(C)C(=O)N2,7.468521083,ChEMBL
CHEMBL3220860,Cc1noc(C)c1-c1ccc2c(c1)C(O)(c1ccccc1)CC2,5.899998417,ChEMBL
CHEMBL3220856,Cc1noc(C)c1-c1ccc2c(c1)C(OCCCN1CCCC1)CC2,5.200000237,ChEMBL
CHEMBL3220857,Cc1noc(C)c1-c1ccc2c(c1)C(OCCCN1CCCCC1)CC2,5.200000237,ChEMBL
CHEMBL3220859,Cc1noc(C)c1-c1ccc2c(c1)C(OCCCN1CCNCC1)CC2,5.400000186,ChEMBL
CHEMBL3220858,Cc1noc(C)c1-c1ccc2c(c1)C(OCCCN1CCOCC1)CC2,5.200000237,ChEMBL
CHEMBL3220855,Cc1noc(C)c1-c1ccc2c(c1)C(OCc1ccc3ccccc3n1)CC2,4.700000069,ChEMBL
CHEMBL3220854,Cc1noc(C)c1-c1ccc2c(c1)C(OCc1ccccc1)CC2,4.499999953,ChEMBL
CHEMBL3787210,Cc1noc(C)c1-c1ccc2c(c1)C(c1ccsc1)(N1CCC[C@H](N)C1)C(=O)N2,8.096910013,ChEMBL
CHEMBL1828978,Cc1noc(C)c1-c1ccc2c(c1)CN(C)C(=O)N2,5.15490196,ChEMBL
CHEMBL4170953,Cc1noc(C)c1-c1ccc2c(c1)OC(C(C)(C)C)C(=O)N2,6.568636236,ChEMBL
CHEMBL4163715,Cc1noc(C)c1-c1ccc2c(c1)OC(C(C)C)C(=O)N2,5.931814138,ChEMBL
CHEMBL4160349,Cc1noc(C)c1-c1ccc2c(c1)OC(CC(C)C)C(=O)N2,6.744727495,ChEMBL
CHEMBL4162630,Cc1noc(C)c1-c1ccc2c(c1)OC(CC1CC1)C(=O)N2,6.397940009,ChEMBL
CHEMBL4170564,Cc1noc(C)c1-c1ccc2c(c1)OC(CC1CCC1)C(=O)N2,6.698970004,ChEMBL
CHEMBL4159257,Cc1noc(C)c1-c1ccc2c(c1)OC(CC1CCCC1)C(=O)N2,6.537602002,ChEMBL
CHEMBL4167170,Cc1noc(C)c1-c1ccc2c(c1)OC(CC1CCCCC1)C(=O)N2,5.931814138,ChEMBL
CHEMBL4168103,Cc1noc(C)c1-c1ccc2c(c1)OC(c1cc(Cl)cc(Cl)c1)C(=O)N2,5.876148359,ChEMBL
CHEMBL4165514,Cc1noc(C)c1-c1ccc2c(c1)OC(c1ccc(Cl)c(Cl)c1)C(=O)N2,5.37161107,ChEMBL
CHEMBL4177115,Cc1noc(C)c1-c1ccc2c(c1)OC(c1ccc(Cl)cc1)C(=O)N2,6.055517328,ChEMBL
CHEMBL4173349,Cc1noc(C)c1-c1ccc2c(c1)OC(c1cccc(C(F)(F)F)c1)C(=O)N2,5.643974143,ChEMBL
CHEMBL4173760,Cc1noc(C)c1-c1ccc2c(c1)OC(c1cccc(Cl)c1)C(=O)N2,6.292429824,ChEMBL
CHEMBL4169922,Cc1noc(C)c1-c1ccc2c(c1)OC(c1cccc(F)c1)C(=O)N2,6.207608311,ChEMBL
CHEMBL4163057,Cc1noc(C)c1-c1ccc2c(c1)OC(c1ccccc1)C(=O)N2,6.823908741,ChEMBL
CHEMBL4165432,Cc1noc(C)c1-c1ccc2c(c1)OC(c1ccccc1C(F)(F)F)C(=O)N2,5.943095149,ChEMBL
CHEMBL4166897,Cc1noc(C)c1-c1ccc2c(c1)OC(c1ccccc1Cl)C(=O)N2,6.30980392,ChEMBL
CHEMBL4161994,Cc1noc(C)c1-c1ccc2c(c1)OC(c1ccccc1F)C(=O)N2,6.244125144,ChEMBL
CHEMBL4170581,Cc1noc(C)c1-c1ccc2c(c1)O[C@@H](CC1CC1)C(=O)N2,5.450996738,ChEMBL
CHEMBL4167192,Cc1noc(C)c1-c1ccc2c(c1)O[C@H](CC(C)C)C(=O)N2,6.920818754,ChEMBL
CHEMBL4175060,Cc1noc(C)c1-c1ccc2c(c1)O[C@H](CC1CC1)C(=O)N2,7,ChEMBL
CHEMBL4160369,Cc1noc(C)c1-c1ccc2c(c1)O[C@H](CC1CC1)C(=O)N2C,6.283996656,ChEMBL
CHEMBL4162243,Cc1noc(C)c1-c1ccc2c(c1)O[C@H](CC1CC1)C(=O)N2CC(=O)N(C)C,5.438898616,ChEMBL
CHEMBL4171614,Cc1noc(C)c1-c1ccc2c(c1)O[C@H](CC1CC1)C(=O)N2CC(=O)O,5.673664139,ChEMBL
CHEMBL4170156,Cc1noc(C)c1-c1ccc2c(c1)O[C@H](CC1CC1)C(=O)N2CCN(C)C,6.065501549,ChEMBL
CHEMBL4177288,Cc1noc(C)c1-c1ccc2c(c1)O[C@H](CC1CC1)C(=O)N2CCN1CCOCC1,6.229147988,ChEMBL
CHEMBL4159934,Cc1noc(C)c1-c1ccc2c(c1)O[C@H](Cc1ccccc1)C(=O)N2,5.216811309,ChEMBL
CHEMBL3220849,Cc1noc(C)c1-c1ccc2c(c1)nc(C)n2Cc1ccc(O)cc1,5.700000504,ChEMBL
CHEMBL4210853,Cc1noc(C)c1-c1ccc2c(c1)nc(CCc1ccc(OCCCN(C)C)cc1)n2CCN1CCOCC1,5.823908741,ChEMBL
CHEMBL3220873,Cc1noc(C)c1-c1ccc2c(c1)ncn2Cc1ccc(Cl)c(Cl)c1,5,ChEMBL
CHEMBL3220864,Cc1noc(C)c1-c1ccc2c(c1)ncn2Cc1ccc(Cl)cc1,5.599999383,ChEMBL
CHEMBL3220866,Cc1noc(C)c1-c1ccc2c(c1)ncn2Cc1cccc(Br)c1,5.800000875,ChEMBL
CHEMBL3220870,Cc1noc(C)c1-c1ccc2c(c1)ncn2Cc1ccccc1[N+](=O)[O-],4.900000142,ChEMBL
CHEMBL3220852,Cc1noc(C)c1-c1ccc2cc[nH]c2c1,4.700000069,ChEMBL
CHEMBL3220853,Cc1noc(C)c1-c1ccc2nc[nH]c2c1,5.200000237,ChEMBL
CHEMBL2335155,Cc1noc(C)c1-c1ccc2ncn(Cc3ccc(C#N)cc3)c2c1,6.729815596,ChEMBL
CHEMBL3220876,Cc1noc(C)c1-c1ccc2ncn(Cc3ccc(C(=O)N(C)C)cc3)c2c1,5.700000504,ChEMBL
CHEMBL3220872,Cc1noc(C)c1-c1ccc2ncn(Cc3ccc(Cl)c(Cl)c3)c2c1,5.400000186,ChEMBL
CHEMBL3220863,Cc1noc(C)c1-c1ccc2ncn(Cc3ccc(Cl)cc3)c2c1,6.099999035,ChEMBL
CHEMBL3220865,Cc1noc(C)c1-c1ccc2ncn(Cc3cccc(Br)c3)c2c1,6,ChEMBL
CHEMBL3220875,Cc1noc(C)c1-c1ccc2ncn(Cc3cccc(C(=O)N(C)C)c3)c2c1,6.199998172,ChEMBL
CHEMBL3220862,Cc1noc(C)c1-c1ccc2ncn(Cc3cccc(Cl)c3)c2c1,5.899998417,ChEMBL
CHEMBL3220861,Cc1noc(C)c1-c1ccc2ncn(Cc3cccc(F)c3)c2c1,6.199998172,ChEMBL
CHEMBL3220871,Cc1noc(C)c1-c1ccc2ncn(Cc3ccccc3C#N)c2c1,6,ChEMBL
CHEMBL3220868,Cc1noc(C)c1-c1ccc2ncn(Cc3ccccc3Cl)c2c1,6.099999035,ChEMBL
CHEMBL3220869,Cc1noc(C)c1-c1ccc2ncn(Cc3ccccc3[N+](=O)[O-])c2c1,6.199998172,ChEMBL
CHEMBL1828979,Cc1noc(C)c1-c1ccccc1,6.096910013,ChEMBL
CHEMBL2431088,Cc1noc(N)c1-c1ccccc1,4.48148606,ChEMBL
CHEMBL3963740,Cc1noc2c1-c1ccc(-c3cnn(C)c3)cc1C(c1ccc(Cl)cc1)=N[C@H]2CC(=O)N(C)C,7.886056648,ChEMBL
CHEMBL3951628,Cc1noc2c1-c1ccc(-c3cnn(C)c3)cc1C(c1ccc(Cl)cc1)=N[C@H]2CC(=O)O,6.756961951,ChEMBL
CHEMBL3787075,Cc1noc2c1-c1ccc(-c3cnn(C)c3)cc1C(c1ccc(Cl)cc1)=N[C@H]2CC(N)=O,7.817490475,ChEMBL
CHEMBL2431087,Cc1noc2c1-c1sc(C)c(C)c1C(C1CCOCC1)=N[C@H]2CC(N)=O,5.207608311,ChEMBL
CHEMBL2431084,Cc1noc2c1-c1sc(C)c(C)c1C(Cc1ccccc1)=N[C@H]2CC(N)=O,5.244125144,ChEMBL
CHEMBL2431086,Cc1noc2c1-c1sc(C)c(C)c1C(N1CCOCC1)=N[C@H]2CC(N)=O,5.958607315,ChEMBL
CHEMBL2431079,Cc1noc2c1-c1sc(C)c(C)c1C(c1ccc(C#N)cc1)=N[C@H]2CC(N)=O,7.48148606,ChEMBL
CHEMBL2431075,Cc1noc2c1-c1sc(C)c(C)c1C(c1ccc(C#N)cc1)=N[C@H]2[C@@H](C)C(N)=O,6.602059991,ChEMBL
CHEMBL2431089,Cc1noc2c1-c1sc(C)c(C)c1C(c1ccc(Cl)cc1)=N[C@H]2CC(=O)OC(C)(C)C,6.537602002,ChEMBL
CHEMBL2431090,Cc1noc2c1-c1sc(C)c(C)c1C(c1ccc(Cl)cc1)=N[C@H]2CC(N)=O,7.585026652,ChEMBL
CHEMBL2431073,Cc1noc2c1-c1sc(C)c(C)c1C(c1ccc(Cl)cc1)=N[C@H]2Cc1ncc[nH]1,6.698970004,ChEMBL
CHEMBL2431074,Cc1noc2c1-c1sc(C)c(C)c1C(c1ccc(Cl)cc1)=N[C@H]2Cc1nccs1,6.721246399,ChEMBL
CHEMBL2431081,Cc1noc2c1-c1sc(C)c(C)c1C(c1ccc(Cl)cn1)=N[C@H]2CC(N)=O,7.142667504,ChEMBL
CHEMBL2431082,Cc1noc2c1-c1sc(C)c(C)c1C(c1ccc(N)nc1)=N[C@H]2CC(N)=O,7.13667714,ChEMBL
CHEMBL2431076,Cc1noc2c1-c1sc(C)c(C)c1C(c1cccc(Cl)c1)=N[C@H]2CC(N)=O,7.13076828,ChEMBL
CHEMBL2431078,Cc1noc2c1-c1sc(C)c(C)c1C(c1ccccc1)=N[C@H]2CC(N)=O,7.537602002,ChEMBL
CHEMBL2431077,Cc1noc2c1-c1sc(C)c(C)c1C(c1ccccc1Cl)=N[C@H]2CC(N)=O,6.602059991,ChEMBL
CHEMBL2431083,Cc1noc2c1-c1sc(C)c(C)c1C(c1cncnc1)=N[C@H]2CC(N)=O,5.602059991,ChEMBL
CHEMBL4081438,Cn1c(=O)ccc2cc(NS(=O)(=O)c3ccc(C#N)c(Cl)c3)ccc21,5.142667504,ChEMBL
CHEMBL4076056,Cn1c(=O)ccc2cc(NS(=O)(=O)c3ccc(C#N)cc3)ccc21,5.552841969,ChEMBL
CHEMBL4067436,Cn1c(=O)ccc2cc(NS(=O)(=O)c3ccccc3)ccc21,5.769551079,ChEMBL
CHEMBL4072276,Cn1c(=O)ccc2cc(S(=O)(=O)Nc3ccccc3)ccc21,4.431798276,ChEMBL
CHEMBL216146,Cn1c(=O)ccc2ccccc21,4.13667714,ChEMBL
CHEMBL1487662,Cn1c(=O)n(C)c2cc(C(N)=O)ccc21,4.100000019,ChEMBL
CHEMBL4062379,Cn1cc(-c2cc(S(C)(=O)=O)ccc2Oc2ccc(F)cc2F)n2cncc2c1=O,6.283996656,ChEMBL
CHEMBL4080979,Cn1cc(-c2cc(S(C)(=O)=O)ccc2Oc2cccc(NCc3ccc(C#N)cc3)c2)n2cncc2c1=O,6.455931956,ChEMBL
CHEMBL4083482,Cn1cc(-c2cc(S(C)(=O)=O)ccc2Oc2cccc(NCc3ccc(F)cc3)c2)n2cncc2c1=O,6.167491087,ChEMBL
CHEMBL4095153,Cn1cc(-c2cc3c(cc2C(F)F)N(c2cc(N4CCOCC4)c4c(c2)n(C)c(=O)n4C)CCC3)cn1,5.958607315,ChEMBL
CHEMBL4072630,Cn1cc(-c2cc3c(cc2C(F)F)N(c2ccc4c(c2)n(C)c(=O)n4C)CCC3)cn1,5.387216143,ChEMBL
CHEMBL4081585,Cn1cc(-c2cc3c(cc2C(F)F)N(c2ccc4sc(=O)n(C)c4c2)CCC3)cn1,4.744727495,ChEMBL
CHEMBL4069831,Cn1cc(-c2cc3c(cc2C(F)F)N(c2nn(C4CCOCC4)c4c2CN(C(N)=O)CC4)CCC3)cn1,5.017728767,ChEMBL
CHEMBL3769628,Cn1cc(-c2cccc(C#N)c2)c2sc(C(=N)NC3CCS(=O)(=O)CC3)cc2c1=O,5.599999383,ChEMBL
CHEMBL3770949,Cn1cc(-c2cccc(C(F)(F)F)c2)c2sc(C(=N)NC3CCS(=O)(=O)CC3)cc2c1=O,5.599999383,ChEMBL
CHEMBL4227391,Cn1cc(-c2cccc(CNS(C)(=O)=O)c2)c2ccccc2c1=O,6.124938737,ChEMBL
CHEMBL4228256,Cn1cc(-c2cccc(N)c2)c2ccccc2c1=O,5.539102157,ChEMBL
CHEMBL4228259,Cn1cc(-c2cccc(NS(C)(=O)=O)c2)c2cc(-c3ccccc3)ccc2c1=O,6.036212173,ChEMBL
CHEMBL4226680,Cn1cc(-c2cccc(NS(C)(=O)=O)c2)c2ccccc2c1=O,6.619788758,ChEMBL
CHEMBL4227534,Cn1cc(-c2cccc(S(=O)(=O)NCc3ccccc3)c2)c2ccccc2c1=O,5.524328812,ChEMBL
CHEMBL4228310,Cn1cc(-c2cccc(S(N)(=O)=O)c2)c2ccccc2c1=O,6.292429824,ChEMBL
CHEMBL4227207,Cn1cc(-c2ccccc2)c2ccccc2c1=O,5.468521083,ChEMBL
CHEMBL3769509,Cn1cc(-c2ccccc2)c2sc(C(=N)NC3CCS(=O)(=O)CC3)cc2c1=O,5.800000875,ChEMBL
CHEMBL4228052,Cn1cc(-c2ccccn2)c2ccccc2c1=O,5.022276395,ChEMBL
CHEMBL4225695,Cn1cc(-c2cn(C)c(=O)c3ccccc23)cn1,5.795880017,ChEMBL
CHEMBL4225700,Cn1cc(-c2ncccn2)c2ccccc2c1=O,4.93930216,ChEMBL
CHEMBL4226566,Cn1cc(-c2ncco2)c2ccccc2c1=O,4.886056648,ChEMBL
CHEMBL4225460,Cn1cc(C(=O)NCc2ccccc2)c2ccccc2c1=O,4.585026652,ChEMBL
CHEMBL3786682,Cn1cc2c3c(c[nH]c(=O)c31)CN(c1ccccn1)c1ccc(CS(C)(=O)=O)cc1-2,9,ChEMBL
CHEMBL3785440,Cn1cc2c3c(c[nH]c3c1=O)CN(c1ncc(F)cc1F)c1ccc(CS(C)(=O)=O)cc1-2,9.15490196,ChEMBL
CHEMBL4226698,Cn1ccnc1-c1cn(C)c(=O)c2ccccc12,4.698970004,ChEMBL
CHEMBL4095353,N#Cc1c(-c2ccc(Cl)cc2)cc(-c2cccs2)nc1SCC(=O)NCC(=O)O,6.050609993,ChEMBL
CHEMBL3589487,N#Cc1cccc(-c2cncc(C(=O)N3CC(=O)Nc4ccccc43)c2)c1,4.356547324,ChEMBL
CHEMBL3589480,NC(=O)c1ccc(/C=C(/C(=O)N2CC(=O)Nc3ccccc32)c2ccccc2)cc1,4.337242168,ChEMBL
CHEMBL3410001,Nc1cc(-c2csc(=O)[nH]2)cc(S(=O)(=O)NC2CCCC2)c1,6.337242168,ChEMBL
CHEMBL2349345,Nc1cc(N)cc(-c2csc(=O)[nH]2)c1,4.294992041,ChEMBL
CHEMBL2349355,Nc1cc(NS(=O)(=O)c2cccs2)cc(-c2csc(=O)[nH]2)c1,5.585026652,ChEMBL
CHEMBL2349343,Nc1ccc(-c2csc(=O)[nH]2)cc1,4.292429824,ChEMBL
CHEMBL2349344,Nc1ccc(-c2csc(=O)[nH]2)cc1O,4.623423043,ChEMBL
CHEMBL3409996,Nc1ccc(-c2csc(=O)[nH]2)cc1S(=O)(=O)NC1CCCC1,6.920818754,ChEMBL
CHEMBL3409986,Nc1ccc(NS(=O)(=O)c2cccc(-c3csc(=O)[nH]3)c2)cc1,5.079354999,ChEMBL
CHEMBL2349342,Nc1cccc(-c2csc(=O)[nH]2)c1,4.37675071,ChEMBL
CHEMBL2349362,O=C(CCC1CCCCC1)Nc1cc(NS(=O)(=O)c2cccs2)cc(-c2csc(=O)[nH]2)c1,5.657577319,ChEMBL
CHEMBL4077583,O=C(CCCCCCCOc1ccccc1C(=O)Nc1ncnc2[nH]cnc12)NO,5.13076828,ChEMBL
CHEMBL4085339,O=C(CCCCCCOc1ccccc1C(=O)Nc1ncnc2[nH]cnc12)NO,5.568636236,ChEMBL
CHEMBL4072185,O=C(CCCCCOc1ccccc1C(=O)Nc1ncnc2[nH]cnc12)NO,5.420216403,ChEMBL
CHEMBL4077397,O=C(CCCCOc1ccccc1C(=O)Nc1ncnc2[nH]cnc12)NO,5.13076828,ChEMBL
CHEMBL4076445,O=C(CCCOc1ccccc1C(=O)Nc1ncnc2[nH]cnc12)NO,4.602059991,ChEMBL
CHEMBL2349357,O=C(CCc1ccccc1)Nc1cc(-c2csc(=O)[nH]2)ccc1NS(=O)(=O)c1cccs1,5.585026652,ChEMBL
CHEMBL2349363,O=C(CCc1ccccc1)Nc1cc(NS(=O)(=O)c2cccs2)cc(-c2csc(=O)[nH]2)c1,6.244125144,ChEMBL
CHEMBL1722357,O=C(CN1CC(=O)Oc2ccccc21)OCC(=O)c1ccc(Br)cc1,5.954677021,ChEMBL
CHEMBL4096344,O=C(CNc1cc(=O)oc2ccccc12)OCC(=O)c1ccc(Br)cc1,5.982966661,ChEMBL
CHEMBL2349356,O=C(Cc1ccccc1)Nc1cc(-c2csc(=O)[nH]2)ccc1NS(=O)(=O)c1cccs1,5.455931956,ChEMBL
CHEMBL4069594,O=C(NCCNc1ccc(-n2cccn2)nn1)c1ccccc1,4.858550227,ChEMBL
CHEMBL4096812,O=C(NCCNc1ccc(-n2cccn2)nn1)c1ccccc1Cl,4.951558196,ChEMBL
CHEMBL4073688,O=C(NCc1n[nH]c(=O)c2ccccc12)c1cccc(Cl)c1,4.325322532,ChEMBL
CHEMBL3410003,O=C(Nc1cc(-c2csc(=O)[nH]2)cc(S(=O)(=O)NC2CCCC2)c1)C1CC1,7.22184875,ChEMBL
CHEMBL3410007,O=C(Nc1cc(-c2csc(=O)[nH]2)cc(S(=O)(=O)NC2CCCC2)c1)c1cccs1,7,ChEMBL
CHEMBL2349359,O=C(Nc1cc(-c2csc(=O)[nH]2)ccc1NS(=O)(=O)c1cccs1)C1CCCC1,5.602059991,ChEMBL
CHEMBL2349361,O=C(Nc1cc(NS(=O)(=O)c2cccs2)cc(-c2csc(=O)[nH]2)c1)c1cccs1,6.638272164,ChEMBL
CHEMBL3409998,O=C(Nc1ccc(-c2csc(=O)[nH]2)cc1S(=O)(=O)NC1CCCC1)C1CC1,6.096910013,ChEMBL
CHEMBL4104390,O=C(Nc1ccc(Cl)cn1)c1c(F)c(F)c(F)c(F)c1F,4.491739694,ChEMBL
CHEMBL4062332,O=C(Nc1cccc(S(=O)(=O)N2CCCC2)c1)c1nc[nH]n1,4.374378919,ChEMBL
CHEMBL525721,O=C(Nc1ncnc2nc[nH]c12)c1ccccc1,4.465973894,ChEMBL
CHEMBL4165445,O=C(O)CN1C(=O)c2cccc3c(S(=O)(=O)N4CCCC4)ccc1c23,4.637140697,ChEMBL
CHEMBL4100505,O=C(c1ccccc1)c1ccc(NS(=O)(=O)c2cccc(Br)c2)cc1,4.408490191,ChEMBL
CHEMBL3953916,O=C1CCN(C(=O)c2cccc(-c3ccccc3)c2)c2ccccc2N1,5.903089987,ChEMBL
CHEMBL3589482,O=C1CN(C(=O)c2cc(O)cc(-c3ccccc3)c2)c2ccccc2N1,5.045757491,ChEMBL
CHEMBL3589489,O=C1CN(C(=O)c2cncc(-c3ccc(Cl)cc3)c2)c2ccccc2N1,4.30980392,ChEMBL
CHEMBL3589488,O=C1CN(C(=O)c2cncc(-c3ccc(F)cc3)c2)c2ccccc2N1,4.327902142,ChEMBL
CHEMBL3589486,O=C1CN(C(=O)c2cncc(-c3cccc(O)c3)c2)c2ccccc2N1,4.537602002,ChEMBL
CHEMBL3589485,O=C1CN(C(=O)c2cncc(-c3ccccc3)c2)c2ccccc2N1,4.585026652,ChEMBL
CHEMBL4172354,O=C1c2cccc3c(S(=O)(=O)N4CCCC4)ccc(c23)N1CCO,4.159705668,ChEMBL
CHEMBL3409999,O=c1[nH]c(-c2cc(Br)cc(S(=O)(=O)NC3CCCC3)c2)cs1,6.522878745,ChEMBL
CHEMBL4069975,O=c1[nH]c(-c2ccc(Br)cc2)nc2sc3c(c12)CCC3,5.048662481,ChEMBL
CHEMBL4078743,O=c1[nH]c(-c2ccc(C(F)(F)F)cc2)nc2sc3c(c12)CCC3,5.815308569,ChEMBL
CHEMBL3409994,O=c1[nH]c(-c2ccc(Cl)c(S(=O)(=O)NC3CCCC3)c2)cs1,6.602059991,ChEMBL
CHEMBL3409995,O=c1[nH]c(-c2ccc(F)c(S(=O)(=O)NC3CCCC3)c2)cs1,6.301029996,ChEMBL
CHEMBL2349354,O=c1[nH]c(-c2ccc(NS(=O)(=O)c3cccs3)c(O)c2)cs1,5.48148606,ChEMBL
CHEMBL265438,O=c1[nH]c(-c2ccc(O)cc2)nc2sc3c(c12)CCCC3,5.135488919,ChEMBL
CHEMBL2397398,O=c1[nH]c(-c2ccc(O)cc2)nc2sc3c(c12)CCCCC3,6.251811973,ChEMBL
CHEMBL4075573,O=c1[nH]c(-c2ccc(O)cc2)nc2sc3c(c12)CCN(Cc1ccccc1)C3,5.195860568,ChEMBL
CHEMBL4080969,O=c1[nH]c(-c2cccc(Br)c2)nc2sc3c(c12)CCCCC3,5.241845378,ChEMBL
CHEMBL2349341,O=c1[nH]c(-c2cccc(Cl)c2)cs1,4.619788758,ChEMBL
CHEMBL2346691,O=c1[nH]c(-c2cccc(NCCc3ccccc3)c2)cs1,4.642065153,ChEMBL
CHEMBL2349347,O=c1[nH]c(-c2cccc(NS(=O)(=O)Cc3ccccc3)c2)cs1,5.387216143,ChEMBL
CHEMBL2349350,O=c1[nH]c(-c2cccc(NS(=O)(=O)c3ccc(F)cc3)c2)cs1,5.431798276,ChEMBL
CHEMBL2349351,O=c1[nH]c(-c2cccc(NS(=O)(=O)c3cccnc3)c2)cs1,5,ChEMBL
CHEMBL2349349,O=c1[nH]c(-c2cccc(NS(=O)(=O)c3cccs3)c2)cs1,5.387216143,ChEMBL
CHEMBL4098993,O=c1[nH]c(-c2cccc(O)c2)nc2sc3c(c12)CCCCC3,5.400116928,ChEMBL
CHEMBL3409983,O=c1[nH]c(-c2cccc(S(=O)(=O)NC3CC3)c2)cs1,5.645891561,ChEMBL
CHEMBL3409982,O=c1[nH]c(-c2cccc(S(=O)(=O)NC3CCCC3)c2)cs1,5.853871964,ChEMBL
CHEMBL3409984,O=c1[nH]c(-c2cccc(S(=O)(=O)NC3CCCCC3)c2)cs1,5.68613278,ChEMBL
CHEMBL3409991,O=c1[nH]c(-c2cccc(S(=O)(=O)NC3CCOC3)c2)cs1,5.235077015,ChEMBL
CHEMBL3409990,O=c1[nH]c(-c2cccc(S(=O)(=O)NCC3CCCO3)c2)cs1,5.031050319,ChEMBL
CHEMBL3409987,O=c1[nH]c(-c2cccc(S(=O)(=O)Nc3ccon3)c2)cs1,5.13430394,ChEMBL
CHEMBL4069308,O=c1[nH]c(Cc2ccccc2)nc2sc3c(c12)CCCCC3,6.086186148,ChEMBL
CHEMBL1507539,O=c1[nH]n(CC2COC3(CCCCC3)O2)c(=O)c2ccccc12,4.876148359,ChEMBL
CHEMBL188678,O=c1cc(N2CCOCC2)oc2c(-c3cccc4c3sc3ccccc34)cccc12,6,ChEMBL
CHEMBL278041,Oc1ccc(-c2nc(-c3ccc(F)cc3)c(-c3ccncc3)[nH]2)cc1,5.602059991,ChEMBL
CHEMBL4096140,c1coc(-c2nnc(-c3ccc4ccccc4c3)c3nocc23)c1,4.877456476,ChEMBL
Humphreys2022_13,CC(=O)N1c2ccccc2[C@H](Nc2ccc(C#N)cn2)C[C@@H]1C,6,Humphreys2022
Humphreys2022_14,CC(=O)N1c2ccccc2[C@H](Nc2cnc(C#N)cn2)C[C@@H]1C,5.9,Humphreys2022
Humphreys2022_15,CC(=O)N1c2ccccc2[C@H](Nc2cnc(C)cn2)C[C@@H]1C,6,Humphreys2022
Humphreys2022_16,CC(=O)N1c2ccc(F)cc2[C@H](Nc2ccc(C#N)cn2)C[C@@H]1C,6.1,Humphreys2022
Humphreys2022_18,CC(=O)N1c2ccc(F)cc2[C@H](Nc2cnc(C)cn2)C[C@@H]1C,5.9,Humphreys2022
Humphreys2022_19,CC(=O)N1c2ccc(C#N)cc2[C@H](Nc2ccc(C#N)cn2)C[C@@H]1C,6.3,Humphreys2022
Humphreys2022_22,CC(=O)N1c2ccc(C#N)cc2[C@H](Nc2cnc(C#N)cn2)C[C@@H]1C,6.3,Humphreys2022
Humphreys2022_24,CC(=O)N1c2ccc(C(N)=O)cc2[C@H](Nc2cccc(Cl)c2)C[C@@H]1C,6.7,Humphreys2022
Humphreys2022_25,CC(=O)N1c2ccc(C(N)=O)cc2[C@H](Nc2ccc(Cl)cn2)C[C@@H]1C,6.6,Humphreys2022
Humphreys2022_26,CC(=O)N1c2ccc(C(N)=O)cc2[C@H](Nc2ccc(C)cn2)C[C@@H]1C,6.1,Humphreys2022
Humphreys2022_27,CC(=O)N1c2ccc(C(N)=O)cc2[C@H](Nc2ncc(Cl)cn2)C[C@@H]1C,6.9,Humphreys2022
Humphreys2022_28,CCNC(=O)c1ccc2c(c1)[C@H](Nc1ccc(Cl)cn1)C[C@H](C)N2C(C)=O,6.5,Humphreys2022
Humphreys2022_29,CCNC(=O)c1ccc2c(c1)[C@H](Nc1ccc(C#N)cn1)C[C@H](C)N2C(C)=O,6.7,Humphreys2022
Humphreys2022_30,CCNC(=O)c1ccc2c(c1)[C@H](Nc1ccc(C)cn1)C[C@H](C)N2C(C)=O,6.1,Humphreys2022
Humphreys2022_31,CCNC(=O)c1ccc2c(c1)[C@H](Nc1ccc(F)cn1)C[C@H](C)N2C(C)=O,6.1,Humphreys2022
Humphreys2022_32,CCNC(=O)c1ccc2c(c1)[C@H](Nc1cnc(C#N)cn1)C[C@H](C)N2C(C)=O,6.3,Humphreys2022
Humphreys2022_34,CCNC(=O)c1ccc2c(c1)[C@H](Nc1ncc(Cl)cn1)C[C@H](C)N2C(C)=O,7,Humphreys2022
Gavai2021_1,Cc1noc(C)c1-c1cc(C(N)=O)c2[nH]c3cc(C(=O)N4CCOCC4)ccc3c2c1,6.147520006,Gavai2021
Gavai2021_2,Cc1noc(C)c1-c1cc(C(N)=O)c2c(c1)c1ccc(C(=O)N3CCOCC3)cc1n2CC1CC1,7.408935393,Gavai2021
Gavai2021_3,Cc1noc(C)c1-c1cc(C(N)=O)c2c(c1)c1ccc(C(=O)N3C[C@H](C)O[C@H](C)C3)cc1n2CC1CC1,7.638272164,Gavai2021
Gavai2021_4,Cc1nocc1-c1cc(C(N)=O)c2c(c1)c1ccc(C(=O)N3C[C@H](C)O[C@H](C)C3)cc1n2CC1CC1,6.882728704,Gavai2021
Gavai2021_5,Cc1oncc1-c1cc(C(N)=O)c2c(c1)c1ccc(C(=O)N3C[C@H](C)O[C@H](C)C3)cc1n2CC1CC1,6.534617149,Gavai2021
Gavai2021_6,Cc1n[nH]c(C)c1-c1cc(C(N)=O)c2c(c1)c1ccc(C(=O)N3C[C@H](C)O[C@H](C)C3)cc1n2CC1CC1,6.27572413,Gavai2021
Gavai2021_7,Cc1nnn(C)c1-c1cc(C(N)=O)c2c(c1)c1ccc(C(=O)N3C[C@H](C)O[C@H](C)C3)cc1n2CC1CC1,7.455931956,Gavai2021
Gavai2021_8,Cc1noc(C)c1-c1cc(C(N)=O)c2c3cc(C(=O)N4C[C@H](C)O[C@H](C)C4)ccc3n(CC3CC3)c2c1,7.161150909,Gavai2021
Gavai2021_9,Cc1noc(C)c1-c1cc(C(N)=O)c2c3cc(C(=O)N4C[C@H](C)O[C@H](C)C4)ccc3n(Cc3ccccc3)c2c1,8.37675071,Gavai2021
Gavai2021_10,Cc1noc(C)c1-c1cc(C(N)=O)c2c3cc(C(C)(C)O)ccc3n(Cc3ccccc3)c2c1,8.346787486,Gavai2021
Gavai2021_11,Cc1noc(C)c1-c1cc(C(N)=O)c2c3ccc(C(C)(C)O)cc3n(Cc3ccccc3)c2c1,8.356547324,Gavai2021
Gavai2021_12,Cc1noc(C)c1-c1cc(C(N)=O)c2c3ccc(C(C)(C)O)cc3n(CC3CCOCC3)c2c1,8.022276395,Gavai2021
Gavai2021_13,Cc1noc(C)c1-c1cc(C(N)=O)c2c3ccc(C(C)(C)O)cc3n(C(c3ccccc3)c3ccccc3)c2c1,8.823908741,Gavai2021
Gavai2021_14,Cc1noc(C)c1-c1cc(C(N)=O)c2c3ccc(C(C)(C)O)cc3n([C@@H](c3ccccc3)C3CCOCC3)c2c1,8.26760624,Gavai2021
Gavai2021_15,Cc1noc(C)c1-c1cc(C(N)=O)c2c3ccc(C(C)(C)O)cc3n([C@H](c3ccccc3)C3CCOCC3)c2c1,9,Gavai2021
Gavai2021_16,Cc1noc(C)c1-c1cc(C(N)=O)c2c3ccc(C(C)(C)O)cc3n(C(c3ccc(F)cc3)C3CCOCC3)c2c1,8.721246399,Gavai2021
Gavai2021_17,Cc1noc(C)c1-c1cnc2c3ccc(C(C)(C)O)cc3n([C@H](c3ccccc3)C3CCOCC3)c2c1,8.721246399,Gavai2021
Gavai2021_18,Cc1nnn(C)c1-c1cnc2c3ccc(C(C)(C)O)cc3n([C@H](c3ccccc3)C3CCOCC3)c2c1,8.958607315,Gavai2021
Gavai2021_SI50,Cc1noc(C)c1-c1cc(C(N)=O)c2c(c1)c1ccc(C(=O)N3CCOCC3)cc1n2Cc1ccccc1,6.931814138,Gavai2021
Gavai2021_SI51,Cc1noc(C)c1-c1cc(C(N)=O)c2c(c1)c1ccc(C(=O)N3CCOCC3)cc1n2CC#N,7.356547324,Gavai2021
Gavai2021_SI52,Cc1noc(C)c1-c1cc(C(N)=O)c2c(c1)c1ccc(C(=O)N3CCOCC3)cc1n2Cc1nccs1,6.559090918,Gavai2021
Gavai2021_SI53,COCCn1c2cc(C(=O)N3CCOCC3)ccc2c2cc(-c3c(C)noc3C)cc(C(N)=O)c21,6.958607315,Gavai2021
Gavai2021_SI55,Cc1noc(C)c1-c1cc(C(N)=O)c2c(c1)c1ccc(C(=O)N3[C@@H](C)COC[C@H]3C)cc1n2CC1CC1,7.698970004,Gavai2021
Gavai2021_SI56,Cc1noc(C)c1-c1cc(C(N)=O)c2c(c1)c1ccc(C(=O)N3[C@@H](C)COC[C@H]3C)cc1n2CC(F)F,7.823908741,Gavai2021
Gavai2021_SI57,CC(=O)n1c2cc(C(=O)N3[C@@H](C)COC[C@H]3C)ccc2c2cc(-c3c(C)noc3C)cc(C(N)=O)c21,5.970210529,Gavai2021
Gavai2021_SI58,Cc1noc(C)c1-c1cc(C(N)=O)c2c(c1)c1ccc(CN3CCOCC3)cc1n2CC1CC1,7.193820026,Gavai2021
Gavai2021_SI59,COC(=O)Nc1ccc2c3cc(-c4c(C)noc4C)cc(C(N)=O)c3n(CC3CC3)c2c1,6.752026734,Gavai2021
Gavai2021_SI60,Cc1noc(C)c1-c1cc(C(N)=O)c2c3ccc(C(=O)N4CCOCC4)cc3n(Cc3ccccc3)c2c1,8.698970004,Gavai2021
Gavai2021_SI61,Cc1noc(C)c1-c1cc(C(N)=O)c2c3ccc(C(=O)Nc4ccccc4)cc3n(Cc3ccccc3)c2c1,7.920818754,Gavai2021
Gavai2021_SI62,Cc1noc(C)c1-c1cc(C(N)=O)c2c3ccc(C(=O)N(C)C)cc3n(Cc3ccccc3)c2c1,8.886056648,Gavai2021
Gavai2021_SI63,Cc1noc(C)c1-c1cc(C(N)=O)c2c3ccc(CN(C)C)cc3n(Cc3ccccc3)c2c1,8.602059991,Gavai2021
Gavai2021_SI64,Cc1noc(C)c1-c1cc(C(N)=O)c2c3ccc(C(C)(C)N)cc3n(Cc3ccccc3)c2c1,8.187086643,Gavai2021
Gavai2021_SI65,Cc1noc(C)c1-c1cc(C(N)=O)c2c3ccc(C(C)(C)S(C)(=O)=O)cc3n(Cc3ccccc3)c2c1,8.585026652,Gavai2021
Gavai2021_SI66,Cc1noc(C)c1-c1cc(C(N)=O)c2c3ccc(CO)cc3n(Cc3ccccc3)c2c1,8.568636236,Gavai2021
Gavai2021_SI67,Cc1noc(C)c1-c1cc(C(N)=O)c2c3ccc(C(F)F)cc3n(Cc3ccccc3)c2c1,7.721246399,Gavai2021
Gavai2021_SI68,Cc1noc(C)c1-c1cc(C(N)=O)c2c3ccc(CC(C)(C)O)cc3n(Cc3ccccc3)c2c1,8,Gavai2021
Gavai2021_SI69,Cc1noc(C)c1-c1cc(C(N)=O)c2c3ccc(C(=O)O)cc3n(C(c3ccccc3)c3ccccc3)c2c1,8.15490196,Gavai2021
Gavai2021_SI70,Cc1noc(C)c1-c1cc(C(N)=O)c2c3ccc(CO)cc3n(C(c3ccccc3)c3ccccc3)c2c1,8.721246399,Gavai2021
Gavai2021_SI71,Cc1noc(C)c1-c1cc(C(N)=O)c2c3ccc(C(C)(C)O)cc3n(C(C)(c3ccccc3)c3ccccc3)c2c1,8.075720714,Gavai2021
,,,
,,,
,,,
,,,
,,,
,,,
,,,
,,,
,,,
,,,
,,,
,,,
,,,
,,,
,,,
,,,
,,,
,,,
,,,
,,,
,,,
,,,
,,,
,,,
,,,
,,,
,,,
,,,
,,,
,,,
,,,
,,,
,,,
,,,
,,,
,,,
,,,
,,,
,,,
,,,
,,,
,,,
,,,
,,,
,,,
,,,
,,,
,,,
,,,
,,,
,,,
,,,
,,,
,,,
,,,
,,,
,,,
,,,
,,,
,,,
,,,
,,,
,,,
,,,
,,,
,,,
,,,
,,,
,,,
,,,
,,,
,,,
,,,
,,,
,,,
,,,
,,,
,,,
,,,
,,,
,,,
,,,
,,,
,,,
,,,
,,,
,,,
,,,
,,,
,,,
,,,
,,,
,,,
,,,
,,,
,,,
,,,
,,,
,,,
,,,
,,,
,,,
,,,
,,,
,,,
,,,
,,,
,,,
,,,
,,,
,,,
,,,
,,,
,,,
,,,
,,,
,,,
,,,
,,,
,,,
,,,
,,,
,,,
,,,
,,,
,,,
,,,
,,,
,,,
,,,
,,,
,,,
,,,
,,,
,,,
,,,
,,,
,,,
,,,
,,,
,,,
,,,
,,,
,,,
,,,
,,,
,,,
,,,
,,,
,,,
,,,
,,,
,,,
,,,
,,,
,,,
,,,
,,,
,,,
,,,
,,,
,,,
,,,
,,,
,,,
,,,
,,,
,,,
,,,
,,,
,,,
,,,
,,,
,,,
,,,
,,,
,,,
,,,
,,,
,,,
,,,
,,,
,,,
,,,
,,,
,,,
,,,
,,,
,,,
,,,
,,,
,,,
,,,
,,,
,,,
,,,
,,,
,,,
,,,
,,,
,,,
,,,
,,,
,,,
,,,
,,,
,,,
,,,
,,,
,,,
,,,
,,,
,,,
,,,
,,,
,,,
,,,
,,,
,,,
,,,
,,,
,,,
,,,
,,,
,,,
,,,
,,,
,,,
,,,
,,,
,,,
,,,
,,,
,,,
,,,
,,,
,,,
,,,
,,,
,,,
,,,
,,,
,,,
,,,
,,,
,,,
,,,
,,,
,,,
,,,
,,,
,,,
,,,
,,,
,,,
,,,
,,,
,,,
,,,
,,,
,,,
,,,
,,,
,,,
,,,
,,,
,,,
,,,
,,,
,,,
,,,
,,,
,,,
,,,
,,,
,,,
,,,
,,,
,,,
,,,
,,,
,,,
,,,
,,,
,,,
,,,
,,,
,,,
,,,
,,,
,,,
,,,
,,,
,,,
,,,
,,,
,,,
,,,
,,,
,,,
,,,
,,,
,,,
,,,
,,,
,,,
,,,
,,,
,,,
,,,
,,,
,,,
,,,
,,,
,,,
,,,
,,,
,,,
,,,
,,,
,,,
,,,
,,,
,,,
,,,
,,,
,,,
,,,
,,,
,,,
,,,
,,,
,,,
,,,
,,,
,,,
,,,
,,,
,,,
,,,
,,,
,,,
,,,
,,,
,,,
,,,
,,,
,,,
,,,
,,,
,,,
,,,
,,,
,,,
,,,
,,,
,,,
,,,
,,,
,,,
,,,
,,,
,,,
,,,
,,,
,,,
,,,
,,,
,,,
,,,
,,,
,,,
,,,
,,,
,,,
,,,
,,,
,,,
,,,
,,,
,,,
,,,
,,,
,,,
,,,
,,,
,,,
,,,
,,,
,,,
,,,
,,,
,,,
,,,
,,,
,,,
,,,
,,,
,,,
,,,
,,,
,,,
,,,
,,,
,,,
,,,
,,,
,,,
,,,
,,,
,,,
,,,
,,,
,,,
,,,
,,,
,,,
,,,
,,,
,,,
,,,
,,,
,,,
,,,
,,,
,,,
,,,
,,,
,,,
,,,
,,,
,,,
,,,
,,,
,,,
,,,
,,,
,,,
,,,
,,,
,,,
,,,
,,,
,,,
,,,
,,,
,,,
,,,
,,,
,,,
,,,
,,,
,,,
,,,
,,,
,,,
,,,
,,,
,,,
,,,
,,,
,,,
,,,
,,,
,,,
,,,
,,,
,,,
,,,
,,,
,,,
,,,
,,,
,,,
,,,
,,,
,,,
,,,
,,,
,,,
,,,
,,,
,,,
,,,
,,,
,,,
,,,
,,,
,,,
,,,
,,,
,,,
,,,
,,,
,,,
,,,
,,,
,,,
,,,
,,,
,,,
,,,
,,,
,,,
,,,
,,,
,,,
,,,
,,,
,,,
,,,
,,,
,,,
,,,
,,,
,,,
,,,
,,,
,,,
,,,
,,,
,,,
,,,
,,,
,,,
,,,
,,,
,,,
,,,
,,,
,,,
,,,
,,,
,,,
,,,
,,,
,,,
,,,
,,,
,,,
,,,
,,,
,,,
,,,
,,,
,,,
,,,
,,,
,,,
,,,
,,,
,,,
,,,
,,,
,,,
,,,
,,,
,,,
,,,
,,,
,,,
,,,
,,,
,,,
,,,
,,,
,,,
,,,
,,,
,,,
,,,
,,,
,,,
,,,
,,,
,,,
,,,
,,,
,,,
,,,
,,,
,,,
,,,
,,,
,,,
,,,
,,,
,,,
,,,
,,,
,,,
,,,
,,,
,,,
,,,
,,,
,,,
,,,
,,,
,,,
,,,
,,,
,,,
,,,
,,,
,,,
,,,
,,,
,,,
,,,
,,,
,,,
,,,
,,,
,,,
,,,
,,,
,,,
,,,
,,,
,,,
,,,
,,,
,,,
,,,
,,,
,,,
,,,
,,,
,,,
,,,
,,,
,,,
,,,
,,,
,,,
,,,
,,,
,,,
,,,
,,,
,,,
,,,
,,,
,,,
,,,
,,,
,,,
,,,
,,,
,,,
,,,
,,,
,,,
,,,
,,,
,,,
,,,
,,,
,,,
,,,
,,,
,,,
,,,
,,,
,,,
,,,
,,,
,,,
,,,
,,,
,,,
,,,
,,,
,,,
,,,
,,,
,,,
,,,
,,,
,,,
,,,
,,,
,,,
,,,
,,,
,,,
,,,
,,,
,,,
,,,
,,,
,,,
,,,
,,,
,,,
,,,
,,,
,,,
,,,
,,,
,,,
,,,
,,,
,,,
,,,
,,,
,,,
,,,
,,,
,,,
,,,
,,,
,,,
,,,
,,,
,,,
,,,
,,,
,,,
,,,
,,,
,,,
,,,
,,,
,,,
,,,
,,,
,,,
,,,
,,,
,,,
,,,
,,,
,,,
,,,
,,,
,,,
,,,
,,,
,,,
,,,
,,,
,,,
,,,
,,,
,,,
,,,
,,,
,,,
,,,
,,,
,,,
,,,
,,,
,,,
,,,
,,,
,,,
,,,
,,,
,,,
,,,
,,,
,,,
,,,
,,,
,,,
,,,
,,,
,,,
,,,
,,,
,,,
,,,
,,,
,,,
,,,
,,,
,,,
,,,
,,,
,,,
,,,
,,,
,,,
,,,
,,,
,,,
,,,
,,,
,,,
,,,
,,,
,,,
,,,
,,,
,,,
,,,
,,,
,,,
,,,
,,,
,,,
,,,
,,,
,,,
,,,
,,,
,,,
,,,
,,,
,,,
,,,
,,,
,,,
,,,
,,,
,,,
,,,
,,,
,,,
,,,
,,,
,,,
,,,
,,,
,,,
,,,
,,,
,,,
,,,
,,,
,,,
,,,
,,,
,,,
,,,
,,,
,,,
,,,
,,,
,,,
,,,
,,,
,,,
,,,
,,,
,,,
,,,
,,,
,,,
,,,
,,,
,,,
,,,
,,,
,,,
,,,
,,,
,,,
,,,
,,,
,,,
,,,
,,,
,,,
,,,
,,,
,,,
,,,
,,,
,,,
,,,
,,,
,,,
,,,
,,,
,,,
,,,
,,,
,,,
,,,
,,,
,,,
,,,
,,,
,,,
,,,
,,,
,,,
,,,
,,,
,,,
,,,
,,,
,,,
,,,
,,,
,,,
,,,
,,,
,,,
,,,
,,,
,,,
,,,
,,,
,,,
,,,
,,,
,,,
,,,
,,,
,,,
,,,
,,,
,,,
,,,
,,,
,,,
,,,
,,,
,,,
,,,
,,,
,,,
,,,
,,,
,,,
,,,
,,,
,,,
,,,
,,,
,,,
,,,
,,,
,,,
,,,
,,,
,,,
,,,
,,,
,,,
,,,
,,,
,,,
,,,
,,,
,,,
,,,
,,,
,,,
,,,
,,,
,,,
,,,
,,,
,,,
,,,
,,,
,,,
,,,
,,,
,,,
,,,
,,,
,,,
,,,
,,,
,,,
,,,
,,,
,,,
,,,
,,,
,,,
,,,
,,,
,,,
,,,
,,,
,,,
,,,
,,,
,,,
,,,
,,,
,,,
,,,
,,,
,,,
,,,
,,,
,,,
,,,
,,,
,,,
,,,
,,,
,,,
,,,
,,,
,,,
,,,
,,,
,,,
,,,
,,,
,,,
,,,
,,,
,,,
,,,
,,,
,,,
,,,
,,,
,,,
,,,
,,,
,,,
,,,
,,,
,,,
,,,
,,,
,,,
,,,
,,,
,,,
,,,
,,,
,,,
,,,
,,,
,,,
,,,
,,,
,,,
,,,
,,,
,,,
,,,
,,,
,,,
,,,
,,,
,,,
,,,
,,,
,,,
,,,
,,,
,,,
,,,
,,,
,,,
,,,
,,,
,,,
,,,
,,,
,,,
,,,
,,,
,,,
,,,
,,,
,,,
,,,
,,,
,,,
,,,
,,,
,,,
,,,
,,,
,,,
,,,
,,,
,,,
,,,
,,,
,,,
,,,
,,,
,,,
,,,
,,,
,,,
,,,
,,,
,,,
,,,
,,,
,,,
,,,
,,,
,,,
,,,
,,,
,,,
,,,
,,,
,,,
,,,
,,,
,,,
,,,
,,,
,,,
,,,
,,,
,,,
,,,
,,,
,,,
,,,
,,,
,,,
,,,
,,,
,,,
,,,
,,,
,,,
,,,
,,,
,,,
,,,
,,,
,,,
,,,
,,,
,,,
,,,
,,,
,,,
,,,
,,,
,,,
,,,
,,,
,,,
,,,
,,,
,,,
,,,
,,,
,,,
,,,
,,,
,,,
,,,
,,,
,,,
,,,
,,,
,,,
,,,
,,,
,,,
,,,
,,,
,,,
,,,
,,,
,,,
,,,
,,,
,,,
,,,
,,,
,,,
,,,
,,,
,,,
,,,
,,,
,,,
,,,
,,,
,,,
,,,
,,,
,,,
,,,
,,,
,,,
,,,
,,,
,,,
,,,
,,,
,,,
,,,
,,,
,,,
,,,
,,,
,,,
,,,
,,,
,,,
,,,
,,,
,,,
,,,
,,,
,,,
,,,
,,,
,,,
,,,
,,,
,,,
,,,
,,,
,,,
,,,
,,,
,,,
,,,
,,,
,,,
,,,
,,,
,,,
,,,
,,,
,,,
,,,
,,,
,,,
,,,
,,,
,,,
,,,
,,,
,,,
,,,
,,,
,,,
,,,
,,,
,,,
,,,
,,,
,,,
,,,
,,,
,,,
,,,
,,,
,,,
,,,
,,,
,,,
,,,
,,,
,,,
,,,
,,,
,,,
,,,
,,,
,,,
,,,
,,,
,,,
,,,
,,,
,,,
,,,
,,,
,,,
,,,
,,,
,,,
,,,
,,,
,,,
,,,
,,,
,,,
,,,
,,,
,,,
,,,
,,,
,,,
,,,
,,,
,,,
,,,
,,,
,,,
,,,
,,,
,,,
,,,
,,,
,,,
,,,
,,,
,,,
,,,
,,,
,,,
,,,
,,,
,,,
,,,
,,,
,,,
,,,
,,,
,,,
,,,
,,,
,,,
,,,
,,,
,,,
,,,
,,,
,,,
,,,
,,,
,,,
,,,
,,,
,,,
,,,
,,,
,,,
,,,
,,,
,,,
,,,
,,,
,,,
,,,
,,,
,,,
,,,
,,,
,,,
,,,
,,,
,,,
,,,
,,,
,,,
,,,
,,,
,,,
,,,
,,,
,,,
,,,
,,,
,,,
,,,
,,,
,,,
,,,
,,,
,,,
,,,
,,,
,,,
,,,
,,,
,,,
,,,
,,,
,,,
,,,
,,,
,,,
,,,
,,,
,,,
,,,
,,,
,,,
,,,
,,,
,,,
,,,
,,,
,,,
,,,
,,,
,,,
,,,
,,,
,,,
,,,
,,,
,,,
,,,
,,,
,,,
,,,
,,,
,,,
,,,
,,,
,,,
,,,
,,,
,,,
,,,
,,,
,,,
,,,
,,,
,,,
,,,
,,,
,,,
,,,
,,,
,,,
,,,
,,,
,,,
,,,
,,,
,,,
,,,
,,,
,,,
,,,
,,,
,,,
,,,
,,,
,,,
,,,
,,,
,,,
,,,
,,,
,,,
,,,
,,,
,,,
,,,
,,,
,,,
,,,
,,,
,,,
,,,
,,,
,,,
,,,
,,,
,,,
,,,
,,,
,,,
,,,
,,,
,,,
,,,
,,,
,,,
,,,
,,,
,,,
,,,
,,,
,,,
,,,
,,,
,,,
,,,
,,,
,,,
,,,
,,,
,,,
,,,
,,,
,,,
,,,
,,,
,,,
,,,
,,,
,,,
,,,
,,,
,,,
,,,
,,,
,,,
,,,
,,,
,,,
,,,
,,,
,,,
,,,
,,,
,,,
,,,
,,,
,,,
,,,
,,,
,,,
,,,
,,,
,,,
,,,
,,,
,,,
,,,
,,,
,,,
,,,
,,,
,,,
,,,
,,,
,,,
,,,
,,,
,,,
,,,
,,,
,,,
,,,
,,,
,,,
,,,
,,,
,,,
,,,
,,,
,,,
,,,
,,,
,,,
,,,
,,,
,,,
,,,
,,,
,,,
,,,
,,,
,,,
,,,
,,,
,,,
,,,
,,,
,,,
,,,
,,,
,,,
,,,
,,,
,,,
,,,
,,,
,,,
,,,
,,,
,,,
,,,
,,,
,,,
,,,
,,,
,,,
,,,
,,,
,,,
,,,
,,,
,,,
,,,
,,,
,,,
,,,
,,,
,,,
,,,
,,,
,,,
,,,
,,,
,,,
,,,
,,,
,,,
,,,
,,,
,,,
,,,
,,,
,,,
,,,
,,,
,,,
,,,
,,,
,,,
,,,
,,,
,,,
,,,
,,,
,,,
,,,
,,,
,,,
,,,
,,,
,,,
,,,
,,,
,,,
,,,
,,,
,,,
,,,
,,,
,,,
,,,
,,,
,,,
,,,
,,,
,,,
,,,
,,,
,,,
,,,
,,,
,,,
,,,
,,,
,,,
,,,
,,,
,,,
,,,
,,,
,,,
,,,
,,,
,,,
,,,
,,,
,,,
,,,
,,,
,,,
,,,
,,,
,,,
,,,
,,,
,,,
,,,
,,,
,,,
,,,
,,,
,,,
,,,
,,,
,,,
,,,
,,,
,,,
,,,
,,,
,,,
,,,
,,,
,,,
,,,
,,,
,,,
,,,
,,,
,,,
,,,
,,,
,,,
,,,
,,,
,,,
,,,
,,,
,,,
,,,
,,,
,,,
,,,
,,,
,,,
,,,
,,,
,,,
,,,
,,,
,,,
,,,
,,,
,,,
,,,
,,,
,,,
,,,
,,,
,,,
,,,
,,,
,,,
,,,
,,,
,,,
,,,
,,,
,,,
,,,
,,,
,,,
,,,
,,,
,,,
,,,
,,,
,,,
,,,
,,,
,,,
,,,
,,,
,,,
,,,
,,,
,,,
,,,
,,,
,,,
,,,
,,,
,,,
,,,
,,,
,,,
,,,
,,,
,,,
,,,
,,,
,,,
,,,
,,,
,,,
,,,
,,,
,,,
,,,
,,,
,,,
,,,
,,,
,,,
,,,
,,,
,,,
,,,
,,,
